가계지출_소비지출금액,가계지출_소비지출_식료품비주류음료구입비,가계지출_소비지출_주류담배구입비,가계지출_소비지출_의류신발구입비,가계지출_소비지출_주거수도광열비,가계지출_소비지출_가정용품가사서비스이용금액,가계지출_소비지출_보건제품구입비,가계지출_소비지출_교통비,가계지출_소비지출_통신비,가계지출_소비지출_오락문화비,가계지출_소비지출_교육비,가계지출_소비지출_음식숙박비,가계지출_소비지출_기타상품서비스이용금액
76.40828245,3.918927529,1.13220069,3.88585081,18.07167507,0.175205734,4.613750995,8.431430847,2.771436156,0.634191664,1.5927794,29.71786568,1.463020972
96.18027206,7.692932071,0.687551029,21.32076643,8.451148067,1.797659462,4.502504309,5.851345738,1.691662011,8.785374262,0,18.58297643,16.81635226
100,20.01719321,0,0,37.05136471,0.401174869,1.146213912,0.487140913,8.853069704,9.298660362,0,10.84604914,11.89913318
78.37506794,2.324940479,0,11.90973791,12.26183459,4.279360316,0.153107704,30.31277352,2.211793886,4.838866901,0,8.811858702,1.27079394
85.68781074,4.888128895,0.073522501,5.997957645,33.96378544,4.352325787,1.782591155,4.385276245,4.307513163,1.633196641,0,18.70250836,5.601004903
70.72197264,8.410996064,0,5.711148382,7.947947322,6.266999375,0.705842531,7.566391308,2.239445849,3.676236448,0,21.43812207,6.758682866
97.26961408,9.825474794,0.153785177,3.5999712,36.51559137,0.957662242,1.780343039,5.017031708,0.006990235,26.34850378,0,8.620218417,4.44411202
85.24871578,5.192573347,1.521790328,10.527497,16.18035851,0.530212959,7.77301694,5.013377194,1.043617376,4.028352307,1.701429644,27.35341748,4.383135999
98.93297469,2.234237374,2.851329743,1.070836759,6.796364963,0.054449327,6.784749107,15.54455679,0,33.19956949,0,28.96304887,1.433832271
91.80439044,0.700337981,0.140122748,1.86345298,0.79239574,0.141770873,0.198756262,82.42325907,0.524411787,0.407048565,0,3.281289971,1.331550878
87.15923428,1.467482719,2.994100081,1.4726208,22.94643737,0.152414174,0.082536269,14.05886466,4.934893504,15.5549338,0,20.47758932,3.017361577
50.61711833,3.771522811,0.1927531,8.00052583,8.534606121,0.518120333,2.566199125,3.837829878,1.168353642,3.844846091,0,8.9840678,9.198255045
60.31577624,7.119496666,0,0.322319324,9.554619158,3.378980912,5.533148394,3.701300236,4.052896899,0.90115111,0,21.31336529,4.43849825
84.71252427,9.977500608,3.128721453,9.033476008,4.993024595,9.005099466,0.243397111,9.479130182,6.121081158,4.573491086,1.46928744,20.31950323,6.36887129
85.76368029,14.21319182,0,3.956797095,8.725273116,0.165199239,19.1058426,5.391001818,2.888123221,2.59263685,0,23.71936174,5.006252791
91.94235889,6.216924376,6.070557151,6.248423105,33.94653992,7.01473545,1.555347654,9.013572661,3.880298564,5.71584386,0,8.458427164,3.821767345
48.01771341,4.930432961,0,4.587415098,3.314083959,0.598426139,0.239370456,8.261272852,3.338858801,3.92926603,0,17.65955537,1.159031747
73.39267895,2.980819631,0.022787964,3.093989878,13.47140645,0.014237133,0,6.728092985,5.017627538,27.20091973,0,13.60864728,1.254107605
70.7305076,5.657244971,7.760850633,7.335862209,12.4597952,0.402458318,0.773135758,13.62061788,2.753497264,2.853962638,0,15.22731783,1.885814637
70.37762986,13.97981399,0,7.57692718,6.497106412,6.425640344,7.484126388,4.230370872,3.544979745,4.315657217,0,3.888016874,12.43499084
65.84628852,2.81877718,0.234059386,0,3.846297883,0.990071201,4.9901461,6.956244938,1.474457099,0.993020349,25.74653241,9.020648719,8.776033255
96.10328518,5.536072754,3.573262477,0.191083555,46.39876984,0.532463011,0.903304078,7.584280008,2.829495797,2.656061414,0,15.53266104,10.36597017
100,16.72934431,0,0.074468481,12.8904941,0,11.85910563,11.93357411,0,17.07562274,0,29.43739062,0
96.24760896,1.201255958,1.44781446,8.747436938,28.04172917,0,3.844592456,17.03432553,9.298925234,2.459851102,0,19.53431406,4.637364049
93.93783627,10.43480134,1.037293311,3.260240578,7.470358651,2.947205772,3.033236478,4.757082528,2.73405277,16.77152461,0,39.53164822,1.960392017
54.6577659,2.459889141,4.458229381,0,22.90390096,0.052193701,2.873263255,1.75240352,2.902752696,1.802770442,0,13.03668173,2.415785463
78.25967588,6.564394755,0,5.621880772,19.64882764,0.500406245,3.704250257,5.163643352,1.667792027,11.09799383,0,15.53777477,8.752798028
85.50715235,0.227636946,0,0.34145542,19.77595972,0.569092366,1.394276297,2.020277899,5.164399403,2.657092257,0,48.69040465,4.666557401
67.46593606,2.860996859,1.983677387,5.508328775,7.371459613,0.488671295,6.947830048,4.656224894,3.262081168,7.520540598,1.192113814,18.32891202,7.34513774
87.53975188,3.158317087,1.932786975,0,8.24047306,6.030653286,2.058060205,3.604289785,3.047718721,19.30907877,0,22.26248464,17.89588936
90.07987565,11.33024523,0.192027376,5.13933123,4.006608226,3.377602686,33.26119368,6.505484278,3.314553623,6.470832045,0,13.48840433,2.993592937
81.26585755,5.725277482,0.271024998,8.903448414,14.45765602,2.181001382,1.025600568,11.55077058,0.02791003,4.213930752,5.551007254,18.0439088,9.314321269
67.25821343,3.44737214,1.409534094,16.1226043,15.27718888,0.246573142,0.258901799,1.77558082,1.407907219,3.999390939,5.507655969,8.220723125,9.584806417
98.33663128,1.577001496,0,0.530998475,33.59588969,1.075879682,0.452628219,3.305433522,3.448291304,20.61937453,8.498086806,23.90132897,1.331782562
98.92433622,2.705325821,0.547428889,4.823063877,31.22698219,0.17954388,0.427466386,9.127147115,2.913375076,22.78613485,0,16.04829805,8.139455839
67.85768414,8.563153898,0.380863831,2.137313583,26.89526873,1.15240757,0.918784911,4.37145296,4.621095459,1.208005836,0,15.42043048,2.188985418
79.79397877,13.48799015,0.799516412,7.989327258,15.95523996,0,3.364248594,3.733178757,2.946141161,1.729724943,2.348164339,20.58447823,6.856036057
78.93474451,4.119593109,0,18.18531887,8.954465223,0.10589595,18.48461934,3.489752882,1.542952119,2.424223025,0,18.43792885,3.189995143
70.30317828,3.292410295,0.092687942,3.158842883,4.774610901,2.172952418,3.556792013,5.650682979,1.900366998,18.91098203,0,22.14096076,4.651833444
60.91732096,4.159021953,0.767058366,0.175879593,18.8423996,0.003238418,0,7.417652058,5.513462327,1.516863782,0,20.20197677,2.319768085
80.36430385,0.281124166,0,0,29.656119,1.455230977,1.637134849,9.252292402,6.540271037,0.620126837,0,29.55111085,1.370893727
88.80924206,4.883810066,0.754274457,1.248433273,3.512817185,0.681576056,7.87369357,2.456140217,1.884068507,4.082262618,48.49733166,11.09822924,1.836643267
85.25372352,5.251984439,0,14.93927252,4.27162815,2.344848941,5.333901717,8.388965504,2.650514382,2.407943802,8.854488934,24.96796213,5.842266028
98.81327391,1.766704999,5.942553178,11.42112322,2.738571203,0.162394096,0.362263752,3.626206624,4.01580969,4.344666657,46.3983131,15.67192252,2.362744867
100,3.518023312,0.617673873,1.15299123,26.48033779,0.42553612,0.782386906,14.17355648,5.600243116,3.609933184,0,39.63547359,4.003926759
71.52341096,1.813537192,0,3.067254583,9.988356524,11.36229592,8.719905818,4.821766141,1.796633137,4.641548596,0,15.19147999,10.12058688
100,6.194302288,0,22.23315061,5.854243463,0,2.019426253,10.15991135,5.412794792,11.01267425,0,26.4722716,10.64122538
92.97500036,3.044280226,3.209948089,1.300609986,3.829123728,0.505745391,9.731121273,2.776695713,0.94814468,53.74312356,0,13.10417865,0.782029067
75.75077624,6.914177841,3.536857826,2.490819829,2.688983433,2.28834657,0.728331797,4.163812023,26.05303615,6.799186563,0,16.12669099,3.960452667
67.65608668,9.091351717,7.997406023,0.93234008,19.38645807,0.295241025,0,1.123987764,5.013555189,7.057089255,0,15.97595806,0.782647701
79.64392806,3.688686629,0.382805472,4.899296144,11.33653775,3.557138357,0.35627657,6.782044246,5.707221781,12.95202361,0,22.19058567,7.791457986
76.19774485,7.844105705,0,1.79716864,17.23140266,0.265701212,5.316171674,7.87039724,0.348232257,12.25731114,10.83971566,9.334771919,3.092766752
99.29659023,9.902854649,5.49038553,9.903592836,2.168464014,2.576025013,6.340038254,3.8584191,10.63767835,9.539584844,0.787398991,29.73874758,8.353401072
80.60126397,3.265562827,0.357795835,14.04634887,16.87667294,0.582730149,0.434920714,7.444856705,4.942869944,4.762421578,0,18.80574906,9.081375097
95.18373172,11.46985373,0,1.783803068,21.22725651,1.337852301,2.675704602,15.62611488,9.632536568,6.475205137,0,22.63646093,2.318943989
98.2301175,9.002251822,0.472666782,3.197475274,39.3454928,0.077778586,0.639495055,9.504735061,2.262213756,4.926430091,0,26.60483282,2.196665513
81.04056089,1.996904098,0.841190178,0.404551181,18.97262155,0.050243283,0.132219166,5.007080632,4.015002731,3.283376854,0,44.62594211,1.711508041
52.58415915,1.46649932,1.09180463,0.934837935,22.43180652,0.206968182,0.267919362,4.417346592,0,1.632959968,0.421974578,18.8908784,0.821226961
80.50944643,3.205933979,1.249985845,2.139705188,25.89336202,0.617179095,3.134212861,3.589226733,1.868523866,3.533586245,1.585414189,29.55951909,4.132872808
99.26293754,27.48378921,0,0,1.887822498,2.29104672,28.50978539,2.827806238,1.5566026,1.243711077,0,24.4029205,9.059453317
98.42824136,4.781604137,0,3.021234459,0,0.017498913,0.104783909,4.200996495,0,1.508888295,56.18691354,24.91006921,3.696252403
94.8370533,4.955247601,3.424216229,7.962991798,27.77382544,2.97991377,1.166014307,7.70960964,2.737135811,7.921917311,0,18.01299708,10.19318432
100,2.792098973,0.480764828,1.42626899,2.213349695,0.002747228,2.248147911,10.52646038,0.684517541,7.921172883,13.73613795,51.41848518,6.549848445
81.8074285,3.746071291,0.869876977,4.380683707,24.64468247,0.383907799,0.750805369,6.003459619,7.545109821,11.82472659,0,19.50099837,2.15721116
90.20902469,2.23500105,1.356684538,0.554846928,24.59806677,0.473692846,0.184360903,4.066084121,2.115739834,2.369963816,31.27078471,18.18460084,2.799198339
96.04222039,2.661055955,0,0,53.23576128,0,1.597906806,3.791049812,4.786335669,3.616616958,0,26.34254411,0.0109498
71.20577564,5.844510451,1.763262244,2.713418537,2.103842271,1.596557496,7.593472142,3.065827917,1.339714702,9.357706661,0.386884651,28.78620309,6.654334972
91.10729952,4.568029996,2.286129496,5.137955901,26.81677956,0.50270134,2.211160925,13.58496411,5.415037542,4.036659357,0,24.45128773,2.096648493
84.10893419,1.694524194,0.988140945,8.467165397,17.53643301,0.686777278,0.488728556,6.214979189,2.325438662,1.389068847,0,35.72708034,8.590768259
89.50267473,5.690594919,1.133907328,2.24170239,23.47952747,0.826132482,0.633368236,6.664005764,3.104508675,1.189177211,0,41.76504663,2.774833218
79.13764522,4.130695828,0,0.351689856,20.6305771,3.008945865,4.441139498,3.601304122,17.47662247,3.482404816,0,19.45717093,2.557151008
94.44729544,10.23243654,0.683970168,3.134526005,26.97497398,0.115344082,4.431641027,5.722685307,5.939694067,1.153440815,0,30.31525763,5.743325827
74.42355652,0.783687261,0,0.244139334,14.69271199,0.000813798,9.314729374,16.14167894,2.376940552,4.7039953,0,25.96198018,0.202879786
99.35632601,11.36356113,0.113255728,4.57523191,35.67823394,1.36726539,3.893017867,5.032274336,1.04034489,8.06527376,1.24786217,17.43665324,9.543351644
87.84290884,5.820543591,1.313565877,6.357759631,26.05245826,1.657295075,2.142184116,3.74533569,5.212835526,5.166075229,0,26.55082458,3.824031277
73.41641128,4.547865623,2.153259562,8.035334464,20.11545482,0.242683334,0.751969803,7.851519624,0.260682865,10.49324922,0,15.0573001,3.907139607
83.96554084,4.015513795,0.55356739,8.462974851,4.367051962,2.743608081,3.983050041,19.01764755,1.886264868,2.92697156,0,32.3609457,3.648018247
93.08627919,4.916564255,0,7.69777585,11.8689607,3.942866093,3.932504398,9.485951469,6.553651895,2.327646449,0,32.11673775,10.24374081
76.88003393,4.931558685,1.039690113,10.31646796,2.39133296,1.221395954,1.796036107,12.36550294,4.37876345,6.845685309,0,30.68891009,0.904873153
55.91032521,6.787244407,0.957030635,2.307626053,13.83765256,0.588888498,1.401579631,6.650638206,3.391584688,2.597138586,0,13.52924669,3.861695251
59.37845317,3.946555587,0.374895139,2.988683078,4.662469024,3.358949882,3.494650095,5.426337155,3.247419864,4.350442102,8.356716068,17.61370759,1.55756331
100,7.147639601,0,22.13974489,2.272698854,0.616685404,1.317831132,17.01915306,0.113674729,8.653488734,6.69544153,29.26760509,4.756150655
91.67048917,0.635980097,5.366082068,3.577388046,40.01189283,1.654343227,1.677397506,9.183552601,2.055010688,5.000393513,0,22.15595663,0.352491969
86.33674282,5.869820952,0.152975449,14.74499758,10.88267344,1.632146057,6.264956537,9.226969164,2.02947429,8.884304158,4.291828204,15.06339048,7.293206513
96.47759437,11.0622323,0.187861634,12.35049345,4.871095609,0.078275681,3.467612654,15.55337775,0.232165669,4.944361646,0,42.94720462,0.782756807
72.78282426,6.441144482,0.130330962,2.302817458,15.03818788,1.796379898,1.367594072,7.146632965,5.079626445,3.524586678,0,21.94439212,8.011252818
82.0035467,1.686421657,0,7.610655411,3.93783006,2.946840014,0.443903462,3.696198438,1.342038985,0.388865605,0,7.703448209,52.24734486
74.0355364,3.569812032,1.121378951,6.435763295,4.824114941,1.532340783,4.279112144,14.12684938,6.159133823,4.83212826,0,25.20052723,1.954472694
80.94683937,0.914963233,0,9.276124941,30.55218242,0.084328409,0,6.155973824,8.500303582,8.200937732,0,15.51642717,1.745598057
69.0801479,2.453162241,0.470657957,2.875533052,27.02997977,0.432471431,0.481840786,4.496424844,4.395676316,1.289787294,0,21.95771654,3.196897667
100,18.00838411,7.62300659,3.513044145,5.321048557,0.433367371,4.38510281,13.32535455,0.177499609,6.75893381,0,37.42366825,3.030696678
100,10.5415678,0,0,0.692971588,2.469498751,4.073832973,11.47602948,0,31.49870855,0,38.26043132,0.986959535
100,18.47631056,2.182241404,0,33.9459774,0.004849425,0,9.989816207,0.969885069,0.290965521,0,32.97609233,1.163862082
94.86303399,2.602235306,0.291900097,0.105948924,2.140168264,1.275711534,27.27860459,4.009409994,0.683824626,1.969698608,33.08201095,20.20657878,1.216985559
90.10715591,7.325511006,0.07738738,8.391474985,2.505787201,1.374704573,1.079109047,11.69574086,3.670844776,7.454669735,4.774895749,24.72587475,17.03102101
84.99855364,4.914845713,2.127057932,3.204980872,7.980762221,0.564615247,8.428368387,12.88446421,3.92909064,10.20904229,0,25.00641925,5.748906871
45.60304249,4.000540333,0,7.117844488,1.971175328,0.207820277,1.184575579,4.634392178,6.099525131,0.259775346,0,14.53702838,5.590365452
86.85185604,3.58719132,3.705523528,3.464375801,16.13357546,0.243321453,2.191070515,4.794288535,2.499196174,12.9238426,0,36.75938212,0.550088534
100,9.641685574,0,0.721990807,40.3536315,0.204878209,0.318088053,7.097566515,7.222600759,2.617523994,0,26.85578681,4.966481925
80.70718786,4.036934548,4.363310147,14.62232496,23.78483994,3.27684592,2.172928453,2.879784697,5.014577819,2.078506421,0,12.72341239,5.753722558
76.66102965,8.717227765,0.376706669,4.648524075,3.49848208,0.336998526,2.053096624,10.676193,3.292923393,5.455590947,5.659655485,28.95556718,2.990018632
100,3.270412465,0,0,57.79282179,0.523248035,3.782884841,5.960735295,2.699751531,4.534756439,0,11.37577327,10.05970613
91.78283167,2.605157987,0,7.196193329,3.986730634,3.119868351,1.17926705,3.762265892,6.8382513,7.243602581,27.86218666,20.11998154,7.86928281
94.27242331,7.577764393,1.99023943,9.215760726,2.316108897,2.457518094,3.118992,9.595618564,3.48923122,25.63004856,0.232708498,21.97850316,6.670007326
70.5473527,6.489661926,0.110023407,4.813524077,18.56645001,0,0,8.595578709,0,1.746621594,0,27.85311325,2.372379724
96.00396274,13.64413623,3.306720835,0.51582181,37.48482755,0.310691897,3.363331363,3.272088512,1.396115519,13.84044156,0,13.40687152,5.462915942
81.27617279,12.87049258,0.891300451,0.945071777,15.53396555,0.484756644,1.091720845,7.285607209,6.254175425,16.25336071,0.407358524,16.36399928,2.894445259
90.80685755,3.447943495,0.659368537,5.979786818,17.45853954,3.20475611,3.306051342,13.95677736,0.418044382,1.991040729,8.360636823,25.50651199,6.517400421
64.73787477,1.962808907,0,6.760786237,8.521297981,0.090244088,3.820333046,5.956109788,6.046353876,3.440555843,10.45327349,15.7806828,1.905428708
91.42945654,5.152093075,0.23556974,9.617484223,22.65481719,0.428113043,0.987456718,6.45471844,3.581735708,4.254669175,0,35.16765789,2.895141347
86.30417516,2.307094089,0.297661647,1.074408562,13.97845198,1.206510339,14.78789985,26.20179628,4.110514097,7.694063244,0,12.44504022,2.200734852
97.88718087,4.307325445,3.027200662,11.75363894,16.42717576,0.148254048,0.360453479,25.13811922,2.184582141,20.08100373,0,8.345059774,6.114414488
90.33295344,4.332825109,1.533840743,2.627695297,38.22563347,0.992902167,3.583015311,3.00761115,5.879315455,3.86778415,0,24.8492589,1.433010575
43.82184381,5.026649672,0.373568362,9.737442505,4.145052285,1.24163587,1.240797736,6.148911294,0.238269564,1.580481532,0,11.64683182,2.442203167
61.6386148,5.096925664,0,1.154065802,14.3459104,0.432774676,0.739434944,6.705380088,2.592186459,18.96673435,0,10.7158579,0.889344522
81.33002244,4.141769188,2.055858264,4.736084316,7.64528105,11.57242381,4.929545734,9.487753024,0.94114019,16.51606577,0,15.63527893,3.668822163
100,10.34698533,0,8.101027824,21.66734696,1.34210016,3.190115157,5.741446342,0,12.55825722,0,32.29333161,4.7593894
100,16.929429,0.121795058,16.12604361,14.81174894,3.230424909,6.501462171,5.741796998,0.796917661,4.576344292,6.677729018,17.10855173,7.377840607
86.56967835,7.1644365,4.584133908,14.73363308,4.209241621,1.349486354,12.80853372,5.800931738,0.302854835,9.467403482,0,20.14937329,5.999707044
98.47265133,0.420478974,3.068549646,2.520594352,2.290321619,0,1.950720846,2.015028879,2.6357088,2.94028427,55.67225786,24.61340658,0.345343344
99.69335171,20.18941665,0.208214188,6.114720191,2.776393601,1.463938928,1.883280462,0.668493268,0,9.329160872,9.54182146,37.27984569,10.23791307
81.28964729,3.210106135,0.118830471,6.890483858,8.888717245,0.278558428,1.856726102,22.85506049,5.027618182,5.314395717,0,25.46111174,1.388038921
79.78640198,10.64338421,2.723221906,2.971451476,30.37351629,3.826370082,0.348183797,6.759861032,0.248569262,2.511169481,0,14.29192579,5.088833576
72.66975288,1.895045806,5.542015666,0.981511684,15.99538385,0,8.42890153,12.78505126,3.623467541,1.795134598,0,20.88281248,0.740428469
49.51856946,5.743950073,0,0.742888804,6.801911939,1.415485717,1.996427518,7.105131859,3.914017857,2.821323527,0,17.55781163,1.419620534
90.94432453,2.886141024,0.526984456,2.263048945,28.60319428,0.098225697,1.026509591,4.15482972,17.68970287,5.178691718,0,16.6530946,11.86390162
87.42070459,7.652006718,1.084610393,0.155060211,24.79054944,0.445285215,21.35536938,2.271035707,3.732895666,11.86411,0,7.582826008,6.486908147
69.02419766,5.251317746,1.795709914,11.56100366,5.263891827,1.494766262,6.057608362,6.577555563,1.517649898,8.312004076,0,15.26666289,5.925967862
100,1.876681729,7.651593256,0.379303033,0.713820889,1.227753649,3.102973005,10.08644453,4.648610014,13.50273098,0,51.8346385,4.975450411
79.48144072,3.63083402,4.518877232,15.12592204,15.13503018,0,0.287734281,8.073120112,2.521918521,9.006704002,0,18.53898882,2.642311512
76.27020662,5.284078334,0.131043399,6.942138379,7.888539193,0.871927829,16.5255682,4.90218531,2.410651645,10.31854612,0,13.74780704,7.247806615
84.27760138,6.949543,2.371162639,0.781104244,18.97880974,4.901673608,0.986598697,5.454300467,3.176646817,6.90312649,0,28.67503846,5.099552148
98.92175377,25.57535203,0.551336262,0.89587011,23.63787512,12.3786896,1.005480521,2.030768915,4.534258385,20.59864937,0,4.313908617,3.399667474
87.89861654,2.614055724,0.919598474,3.277941484,28.13350129,0.543550364,3.518878503,17.32834125,3.249455008,3.540531774,3.31676651,18.19163234,3.26445256
98.38114641,11.20382838,0,11.19281577,17.86745824,1.266450085,3.429927267,2.893312843,6.907408983,10.7242793,0,18.83256328,14.06310225
100,25.29648933,1.282328646,0,6.946602419,31.05516767,9.460123906,0.981414102,0,2.753466418,0,22.22440751,0
74.47382261,1.818937425,0,1.317960628,29.715868,0.002918425,1.093825605,3.166023932,2.33473982,2.816279907,0,31.322169,0.885099866
100,5.710529234,7.841087297,3.397804496,38.6272553,0.982115985,0,0.871231922,2.279459519,35.21361023,0,4.791775571,0.285130447
96.82428504,6.46827279,3.948626958,1.431344772,35.45467868,0.600129528,1.180483224,10.65413094,2.815968157,3.683189597,0,18.75812503,11.82941415
61.26908258,2.08252384,0,1.036073361,16.32024256,2.167569398,0.732133021,7.013644741,3.621380297,12.04717142,0,11.4551295,4.793214457
62.40636347,5.998626119,1.846125328,4.828210356,3.23977858,0.235813225,6.906768726,12.20609669,2.553528657,0.817968037,5.754780415,13.89637012,4.122297216
97.05074968,2.790835896,0,2.99022094,39.32862079,0.670982978,0.941690177,4.941040352,12.51402669,7.978809396,1.584936761,19.128998,4.180508448
86.58455236,6.649521657,7.050181723,10.62276917,23.67030676,1.990815518,1.444680202,2.476155207,3.407691371,1.239314023,0,22.61639528,5.416661138
98.72505645,7.803866136,5.132512131,6.691082432,3.029329515,1.080504715,0,13.80791095,0.089187916,9.74871343,0,49.91662536,1.425323861
85.84752154,3.240570406,0.061948176,5.307119067,9.336888956,2.236362952,6.282211362,9.953425401,1.686216796,6.648299491,0,22.73990554,18.35466997
76.82522023,2.724603324,0,8.88979284,4.261603944,0.296058835,2.96503327,28.41828076,1.93960292,6.816249562,0,17.15538375,3.358611029
66.92799407,2.878070694,0.251698433,0,21.86749617,0,1.577097779,8.610316662,2.746964485,3.361289206,0,23.17855827,2.456502369
82.65928524,3.043891273,0,16.89838337,7.323229593,1.339425665,3.133073713,8.075740214,0.337812274,1.317467867,0,31.13615726,10.05417158
94.63094918,3.583667037,0,4.078964341,29.90817546,0.52873776,1.451189555,14.84608978,4.702765533,5.287728124,0,22.6196285,7.624003096
91.0836245,12.51717477,11.94177281,3.204052618,22.1432106,4.131553102,0.332820079,2.434359089,0,7.77649813,0,24.4704393,2.131681206
93.24772502,17.35534033,0.324478115,2.758390037,36.45622946,5.202922259,4.63361828,6.283025407,3.631769975,2.830496285,0,6.893133697,6.878228012
75.8808134,3.303505024,2.840340292,6.719833209,6.068170312,0.634429217,3.595864836,8.595853347,5.366874415,2.277909562,0,25.08840878,11.38954781
78.16345091,6.256564463,3.807281157,11.17681103,6.257115648,2.163891857,0.316441548,4.531967211,3.168151294,9.798848023,0,23.21328724,7.473152687
83.15296088,9.368844824,0.582118459,7.23493099,2.766381551,3.922219892,6.264283384,2.731310106,2.306358989,10.17523483,3.116040902,26.23994017,8.445296776
42.56152077,2.862215807,0,2.251948074,3.858633241,0.387581581,0.73123305,6.951324633,3.417384755,0.840056015,0,17.25989501,4.001305876
99.70469338,4.714245238,0.1539243,20.13061902,22.08374736,1.891957683,10.51206054,2.945484004,2.793383992,1.932833136,0,11.4018,21.1446381
93.32371052,5.121111125,0.063188413,7.537386478,27.28921708,0.427203231,1.926627102,2.303899097,5.717869931,2.045012452,0,36.15492312,4.737272491
70.66825888,1.19524318,0.426447476,9.41264321,4.990699562,0.296823429,5.171495568,4.821067557,12.40850514,4.481803547,0,24.840989,2.622541205
48.149384,7.238316231,1.541441515,1.161917993,3.644448322,0.556589053,0.645036609,6.541540358,1.998437597,4.188528608,0,17.85055737,2.782604428
59.79039333,11.34961876,0,4.47012269,7.540801244,0.727845168,2.806793449,5.907386565,6.830301972,0.287202539,0,13.29332592,6.57699502
90.2174867,5.774557427,1.27545966,6.911125059,11.12349622,0,1.397596882,1.955890977,1.164060142,7.249877996,37.84791157,13.5455631,1.971947666
81.08232157,13.05935457,3.350288611,3.552728367,28.1970067,1.079746398,0.463734892,3.969712023,1.967938644,0.275145849,0,19.66586067,5.500845462
64.12444645,2.461837338,0.864428952,4.324417663,17.90320972,0.69490832,4.119572341,8.235893169,0.98432455,6.288299983,0,11.04314853,7.204374327
85.66716251,1.266033534,2.118314426,3.058945134,18.98693533,1.579841377,1.323413841,3.641915174,2.276977416,12.0690407,3.964097172,33.64586936,1.735679947
81.05563285,7.280866905,0.20855534,3.358940882,34.86399621,0.567156248,2.208401066,5.884688895,3.639719222,2.646195865,2.978055979,13.95732329,3.46179009
73.38483843,2.306104346,0,0,14.44064104,0,0,3.334910473,33.82491229,0.436860351,0,16.89686986,2.14454006
81.8325204,5.310005607,1.189260377,7.892510654,14.06567913,1.07700339,2.384612794,1.710526055,1.708718255,7.120257867,0.227015178,15.24676726,23.90018861
97.14919715,8.201066354,0.571162203,0.654914168,23.16624033,0.313048972,0.814790273,3.867460782,3.440456745,4.488088267,0,42.39205474,9.240068419
72.78962217,5.483196416,2.114168967,11.24256546,3.616232936,0.801280127,3.343374955,2.318956568,4.918120988,7.841256223,3.963166094,18.39451901,8.752880501
83.89284627,6.079379086,0.523128062,2.329650064,18.34907297,0.311230664,3.515746256,17.10974799,1.374585136,6.002640067,0.447813905,19.31401016,8.535791017
97.72140003,13.92628661,0,2.707846308,45.62279198,1.577826588,0,3.220207624,5.174677273,6.112753895,0,17.77583219,1.603268103
73.01002195,3.631527384,0.908877061,6.309922942,17.02991591,0.371357448,0.382679636,6.179226627,3.418783976,5.309537781,1.315079966,27.40693445,0.746230461
80.80469385,5.169500238,0,2.178033666,32.90538457,3.054462525,0.62514604,2.376695236,4.002673122,18.40341711,0,10.85479152,1.234589825
79.96719699,3.222709486,7.052943541,6.032451424,32.49421863,0.784265445,0.254516333,3.269232704,4.225977358,3.575066633,0,17.13445388,1.921302366
91.65113584,0.937356344,0.165204566,0,30.44289189,0,2.971287925,8.150331367,3.272774287,5.801122433,11.97134539,21.65376954,6.285052099
100,0.135814312,0,8.767357069,66.52157818,0,0,6.484551316,0,0.454007842,0,16.19682676,1.439864527
68.0295614,3.004595549,3.90571138,1.705050521,3.890345707,0.1398411,0.047175311,5.322857719,3.3461448,10.90976239,0,28.40957874,7.348498174
98.78503952,16.90357532,0.045382729,9.569467019,11.44746917,8.76567406,6.020667295,3.69545077,3.346327921,2.363532514,0,16.6619447,19.96554803
100,38.92867069,0,5.400483106,0,4.862694412,1.963606619,5.603848579,0,8.586542177,0,23.8938613,10.76029312
84.24528318,8.697315178,0,18.64377495,15.75344327,2.914316959,4.279227649,1.320039124,2.533227034,4.430568362,0,15.30175598,10.37161468
83.95170673,7.75488228,1.409509458,13.36298911,11.73891678,2.029689033,4.702435936,2.492071438,0.228782961,8.405451571,0,21.36723908,10.45973907
97.6036126,2.862388891,0.954720739,4.584576659,23.0589981,1.859596621,0.46585771,4.596750307,2.216610415,12.48632861,28.75664878,14.1771237,1.58401207
89.77638277,8.507052473,0,1.616454775,28.16993899,6.971420437,1.641711881,2.396669736,0.234018566,7.59958762,0,28.28566246,4.35386583
90.9576216,3.523226341,2.397676904,6.2789487,15.62634417,0.996878294,0.51076167,18.6560696,1.007354747,6.090511011,9.461113439,24.84972983,1.559099191
91.7139256,3.811832715,10.46252707,12.98208508,21.00406054,0.666637211,1.533712165,6.613780368,4.043863512,1.003138877,0,24.54675843,5.045482122
58.25670278,2.153354226,0.777945891,10.40718725,19.23151393,0,0.197079626,11.40987307,0,0.449479848,0,12.57852067,1.051748269
62.78364644,2.173414407,0,2.753885271,13.06564669,0.57922464,2.769210457,6.591513754,1.17660373,0.874040787,15.58901423,12.69009545,4.52099702
93.0846868,8.637312588,0.173509974,7.613673422,4.362835139,9.942888042,19.6167311,5.944632897,7.64691208,6.320640858,0,15.05857529,7.766905725
97.86227868,7.686094543,2.366289331,7.634025991,28.00625146,0.270287533,0.746504575,2.194964389,4.194995113,17.97925505,0,14.35119269,12.43233716
99.82786705,14.01407117,6.149751906,4.790870868,27.23667641,9.64936271,3.290887398,3.622756111,5.87874207,7.370611023,0,14.20168181,3.622455573
67.41629266,5.482086052,0.124143465,7.178913631,3.215068283,0.618458862,1.343377894,12.52948017,2.007078124,0.889690831,0.961048696,27.80419594,5.262798766
79.88449948,1.925317171,0,20.96701689,18.0738756,1.342001056,0.932202323,4.423063963,2.652194295,2.843744747,0,20.07206563,6.653017818
79.61343004,6.415517485,0,23.74488744,15.45073999,2.773830293,0.212293762,0.541349093,2.127225953,14.02624885,0,12.22387481,2.097462368
89.0371562,3.821237082,2.035864482,2.717025596,5.766314978,0.740541707,3.649027548,2.603615063,0,3.092152747,40.71147371,21.6521065,2.247854942
78.88512268,11.63007437,0.916945391,11.17206265,3.599837415,5.254668304,0.32468886,15.28342532,2.514294327,2.807756937,0,11.1670921,14.2143171
90.84355709,7.100566925,0,20.03797037,36.08452086,1.084450221,1.88974951,3.904215666,2.520201905,2.200079604,0,6.859415595,9.162386434
87.39253643,4.950302979,6.060083865,5.312487088,25.68090915,0.61724476,0.566857433,7.175004258,3.481764322,8.461443113,0,21.89959216,3.186796908
98.86970303,12.44010953,1.373707948,8.941198897,3.441601527,2.470279299,2.644528324,3.939298776,0,15.90309506,0,38.08233205,9.633551613
75.0758727,2.547799503,0.103133718,8.319440032,5.769736521,18.63019382,1.229671253,5.207618091,2.846411284,6.671482218,0,19.27938091,4.471005344
68.50381068,4.999113795,0,0.609648024,34.38323178,0.269681394,0.608120084,2.794602094,5.943686247,3.888607069,0,12.61314395,2.39397625
98.56993894,16.39921789,14.59465789,0,35.89163555,0.062382843,0.164840101,5.673810411,6.883310773,0.619084103,0,17.0021511,1.278646393
84.84347217,6.833919262,5.723723945,4.44388934,12.96096339,0.336400731,0.140707366,2.89944661,5.101917872,10.56732658,0,32.4902019,3.34497517
73.59448008,10.64032219,5.787557974,4.995935157,33.09556444,0.088123687,0.020047778,4.999925482,3.322113949,0.168266723,0,7.608876983,2.867745721
96.13878242,5.379694456,0,9.838393132,22.59389987,0,2.790609691,2.404219233,1.6256344,9.762942199,0,37.50045679,4.242986395
94.34779805,8.152193466,6.579210861,4.028985999,25.79821807,2.915977938,3.751073398,8.977174374,3.979159949,6.015918541,0,12.59607976,11.55380569
69.67984888,9.672839784,0,2.417611658,14.60094988,2.192695854,1.117480683,3.457619089,1.22346896,22.7932393,0,10.05984099,2.144102683
100,16.67021816,2.708012488,0.803121438,6.988851544,1.720859203,0.460079618,4.195603253,2.340755951,18.27726819,0,39.27675484,6.558636744
74.87832452,4.962192167,1.764934025,2.213291743,9.973566149,0.244808815,2.120044341,16.86001062,3.445147697,3.648806626,0,21.70276909,7.942863273
79.23864633,1.661673748,0.45562757,5.963435888,19.63171624,0.191363579,0.154002119,5.517740999,1.817954004,2.733583169,7.472292148,32.16302354,1.476233327
97.86610047,6.096951058,0.265203701,5.755060343,35.50642104,1.569549787,0,8.724981695,0.318284451,6.051605693,0,27.26210021,6.315942497
41.94954311,2.253251786,0.075991986,5.422251705,4.475525663,0,2.16501168,3.992574242,5.995454785,2.002478233,0,13.5533942,2.013653525
73.23733006,7.959962417,1.150505264,12.09871335,1.347625165,1.93668386,0.387336772,14.76098253,3.959655615,3.209526184,0,25.20450231,1.22183659
74.54390423,4.581677723,3.510206518,1.64847627,9.873974659,0.012790123,0,5.650420369,1.172427906,4.900578114,0,28.90567711,14.28759017
79.58694054,5.818917047,1.134719239,5.759706055,14.31778724,1.173281723,1.859593492,7.033998048,5.87310543,11.74431343,1.339362698,19.43844987,4.093706279
83.11060251,2.601722051,0.030734446,3.993019183,20.21947468,2.967922971,0.741417278,10.76125636,4.687976224,3.842471623,0,26.52464621,6.73996149
83.27547351,4.833111856,5.491482671,2.551486468,20.221584,0.319153135,0.078942472,6.391426848,1.634860995,2.878956756,3.101311385,31.89463811,3.878518814
100,3.308121494,1.573875164,20.43799976,8.700322234,3.751939372,1.133786848,12.95276883,1.79018976,8.630206469,0,26.87522377,10.8455663
78.15262743,4.460677773,3.041454641,22.32761771,3.910994959,4.088489627,0.308367157,7.117683003,3.880525348,17.59726552,0,7.585061153,3.834527247
68.51904704,0.912691372,0,10.21838942,4.569456336,0.500870352,8.05172232,8.159284314,1.466914188,2.933871229,0,21.28454733,10.42142875
91.64472084,6.260007826,1.692208438,3.970344047,6.753180823,14.114076,7.520385824,11.08290764,6.520925215,9.375046271,0,18.36416326,5.9914755
94.62400871,2.20076565,5.07949956,0.646731006,9.884792963,0.152927706,2.741687014,6.267002111,3.747833711,19.18345669,27.39188783,14.93009634,2.397328129
80.01763346,6.385940458,0.280497698,4.618214641,7.918299571,2.144769565,2.944464122,6.089446964,3.230055719,4.378991808,0,34.99789579,7.029057124
50.09287363,3.376376158,0,3.05274798,3.456430093,0.287290331,0.627150643,5.537371261,2.173768687,7.24036194,0.184456071,19.58093425,4.575986217
65.12813439,3.592440881,5.379665225,0.533768345,20.01871188,0.191916708,0.719687656,3.145035055,1.319427369,5.78808797,0,23.08997895,1.349414354
66.0625508,0.261019966,0,1.81049858,25.88789547,0.038521246,0.279279036,0.281205099,6.815255954,1.641005096,0,28.39308621,0.654861189
98.4115756,4.169470276,0,0,0,0.005750993,5.906270308,6.127683557,6.64584807,17.31049039,0,57.38341298,0.862649023
90.41575503,2.106605386,0.298630653,36.3585338,5.975491418,1.526470369,2.484391151,4.941437809,1.74321146,3.113674298,0,15.26110573,16.60620295
89.6311257,9.954799018,0,2.910302321,24.64910548,0.081086016,21.66703309,5.379997541,2.459261357,6.920110152,0,12.58182198,3.027906855
91.64096434,12.95572391,0,1.026593709,29.59085663,2.149542542,2.459723711,2.681096558,2.974278366,12.68670711,0,22.80597707,2.310693437
89.88857791,3.436718522,1.199253722,7.760884798,21.11714482,0,36.43504128,3.346488956,0,3.854744105,0,10.53972699,2.198574716
66.763092,9.278268499,4.226435275,0.657445487,18.23775881,0.127069296,1.127049407,4.985536199,2.187525552,4.331405563,0,20.19186359,1.412734332
91.04673892,3.789165682,1.600669166,0.539829442,4.045667227,1.543171201,15.21036067,6.408376698,4.229335001,10.17854227,18.54773078,21.1655394,3.788351392
64.15405704,2.999065461,1.084368794,7.158394071,19.39501885,0.673918219,0.110902614,5.548938366,2.184190019,6.432351623,0,10.36569767,8.201211352
52.0441454,6.108899355,0.139587712,0.202408464,5.160431637,0.496995912,3.542755385,5.10468869,3.091576742,7.122910058,0,16.96612621,4.107765231
79.69107576,0.499819774,3.228864444,9.921477393,27.19391842,0.290175726,0,8.703077002,1.395966832,3.284282732,0,23.59215179,1.58129943
91.58219502,6.803313324,2.794369642,0.856487036,27.5919371,0.751889278,1.421263964,4.909766916,2.471615702,3.347170701,18.89809257,16.12495674,5.611374528
70.56245549,2.93434996,0.200728272,0.728569283,15.52313505,0.084751937,0.444947669,5.80030362,12.37069754,1.159763349,0,27.90346011,3.4117487
79.7502694,3.955553705,1.060466847,14.85955012,13.21591436,0.898504401,1.709357772,6.741906433,0.429470528,1.384717096,3.578921066,22.57127909,9.344627974
58.96826698,2.12058474,0,11.01202839,17.79798281,0.838299725,0.610479773,5.042007946,2.528496225,4.424590902,0,11.90796296,2.685833512
76.40902917,5.24007137,0.75573336,12.87417858,16.55520891,0.636797559,0.875105624,4.337337724,2.319444541,13.73239314,2.531477615,15.73802175,0.813346299
63.19058674,3.5059886,0.791580664,2.151912791,7.531381953,5.500607124,1.073062848,5.507984365,1.85207874,12.73014779,2.815343203,18.50621539,1.224283274
78.29330668,3.82644557,0,11.01136293,10.38343496,0.760490053,15.67294094,3.836940795,8.903586558,8.662849628,0,9.523131409,5.712102061
100,13.02095735,7.344779712,3.102757315,22.00723122,0.007326464,0.183161589,9.090675976,5.824538524,10.15081525,0,25.97597653,3.291780074
94.00699653,11.85579718,0.130053722,1.630547568,19.42629691,0.849211018,1.132567418,5.409283043,5.32947203,4.116703517,0,40.61654982,3.510592318
62.75881981,7.671254548,2.504746084,0,17.25913621,9.081632653,1.744186047,10.72931498,2.136845436,0.763170384,0,10.47302642,0.39550704
74.32141453,3.261022162,1.162160428,9.831644792,4.288232521,0.450918246,0.209188877,3.236616793,0.743782674,18.29156839,12.55133263,15.23513295,5.059814073
86.85915835,4.261694251,1.343845359,1.79917886,16.90140961,0.934922354,0.240206232,8.999312285,1.738519888,20.370378,0,28.99593548,1.273714858
100,7.350074994,0,10.33827187,34.60359931,3.64856166,0,4.82115413,1.817582125,7.251061745,0,14.79329389,15.37640027
86.97098605,11.35247031,0,4.399959475,22.1748737,3.51376364,1.580126447,4.673615838,5.972686727,14.87625132,0,14.64596562,3.78127298
97.32668408,12.42333185,4.496116479,0.28100728,41.17787011,0.28100728,0,4.468015751,3.863850099,4.190474228,0,17.65662409,8.488386906
99.83404712,5.987046317,0.368341726,2.328218361,34.99973121,0.987852687,1.650867793,7.456132492,2.999994027,9.864888273,0.398207271,26.28994268,6.502724733
82.99153313,8.07474783,0.121045004,4.594539585,15.24638038,1.376984055,27.7507776,2.572759255,1.307764245,3.368308864,0,11.75822202,6.820064061
94.90334261,15.47389263,0.051559941,3.805792444,8.630107584,8.85205641,4.559127509,5.705966799,3.288948753,5.944635666,18.92343154,13.32875023,6.339150871
93.74962766,5.947534603,0,3.574478225,14.58138888,0.074468296,10.40073873,5.168099768,2.568659769,17.92203666,0,26.29723772,7.214985007
85.1061558,15.56612912,0.847149327,4.421160448,9.65130055,0.155044311,3.974568897,8.688427429,4.718653717,5.860547073,6.073900832,18.34222147,6.807116566
76.32489726,7.563045004,0.826901874,16.16066954,3.326651298,0.967074271,0.048461461,13.49403628,2.138819284,10.12328355,1.319685276,14.29452741,6.061691891
99.74680724,17.07734532,2.734481816,4.760023901,5.34135448,0,2.582566159,4.641529689,0,6.324755163,0,40.93620555,15.34854515
85.27871194,11.5078305,0,1.005538588,22.40116521,10.56424935,0,5.444128112,5.758892161,17.80869781,0,10.77652971,0.011680499
99.79035386,20.58930392,0,3.529362034,10.87965829,0.320256366,4.582725682,5.920515631,4.804046784,35.71532812,0,13.18133737,0.26781967
56.08249453,9.111582566,0,1.580700721,2.985332213,0.375236648,3.970709751,1.178879363,5.425895774,0.305070445,19.61167147,5.821092745,5.716322838
89.97666417,16.14794702,8.246880059,1.602335331,13.26393765,0.105171464,0.582667393,2.498186448,10.38827984,12.17774851,7.590893686,16.27360895,1.099007815
48.3839166,2.16595208,0.084827329,4.033573515,5.336902373,0.364902493,0.274660654,4.144615358,1.433572982,2.241932749,0,20.76813854,7.534779353
71.02233492,2.484610756,0,4.841023397,23.66355718,0.964253191,2.804655548,2.847967461,2.751947588,4.037725771,0,20.52218851,6.104405523
89.33826999,7.390529954,0.14172338,1.568564105,24.67848687,1.471474663,1.411282609,7.513549588,4.718444869,2.120324595,0,33.60552951,4.718444869
56.07442646,1.612754003,0.765778936,6.323969752,2.347710612,1.723341243,3.460483527,8.015159678,7.623388984,3.146279801,0,18.09648871,2.959071221
100,7.476763467,0,0,46.00934025,1.582061853,1.823022042,5.668040829,0.726531482,14.72808312,0,21.63773826,0.348418699
100,10.8712877,0,0,8.916212424,2.143136712,1.789924871,35.89396008,0.534590895,24.40502897,0,14.40531536,1.040542992
99.86465352,11.24289346,0.521083936,12.43874726,1.724990847,1.692643039,6.974403951,8.240434895,0,5.105269106,3.519008398,39.12947853,9.275700097
64.41318443,5.874599124,0.202508901,1.571653172,11.79209332,0.579911853,0.966335657,3.485362288,0.697735214,1.741024253,0,35.05981377,2.442146889
100,4.220830256,0.197400578,1.997153384,32.57766289,1.081746556,2.318366705,3.320496285,1.184295807,4.627743529,33.19618829,13.13852385,2.139645702
74.23619567,14.23567795,4.368223032,4.878471306,3.199878934,0.412678848,0.958271149,4.016574855,5.810159765,0.584918754,0,25.62322471,10.14821592
78.06268458,3.028619406,4.531677512,0.019399304,7.471603298,1.792495728,2.056326268,8.629392584,6.406581486,13.56042418,0,25.75839641,4.807768413
92.83227076,23.47841693,11.23309018,6.593216592,4.707720793,0.109430981,0.120374079,8.125250323,8.829110392,5.566316269,0,18.65798222,5.411362
77.60230786,2.650970438,3.660124631,0.664683291,19.6880161,22.32210261,1.329366581,6.640525692,2.847367369,0.851813469,0,13.90541702,3.041920653
76.13837748,7.722324733,0.352268008,12.92595032,3.241071035,0.887192093,2.512462294,6.491953701,3.447001215,6.704767236,0,26.30688655,5.54646226
94.64481329,3.53587097,9.019489034,0.462537899,13.48166924,0.051418796,0,13.9378087,7.123469096,6.330602047,0,33.95544681,6.746577798
86.95452944,5.060193814,0,6.704030525,17.94613255,5.943708626,2.129719941,4.682129341,7.154672995,3.977813296,0,21.53210453,11.82412365
88.86217343,12.57690272,0,0,13.83392572,0.331743751,6.471950248,9.586426865,7.998438591,5.078693221,0,26.51469993,6.469392385
95.21144945,6.368461622,1.567124349,7.159530173,0.972205182,0.671277135,1.948137668,12.17782761,3.283237329,8.76020026,7.592673984,38.5527499,6.158076007
76.28919153,5.455688533,1.665821417,0,32.0281931,0.265297485,1.353634144,10.65712336,6.623059164,2.344489401,0,13.08798869,2.80789624
74.87922222,2.131158712,0.316501223,28.23206051,13.74427004,0.649660405,0.747639491,4.742854114,1.603646579,2.367701732,0,15.81597498,4.527784719
67.59483042,6.768950226,1.386334029,1.98806548,8.009910769,0.996859087,0.710988104,7.036525466,4.02225867,7.017323566,0,25.47897953,4.178592341
100,2.906341203,0,15.62483733,14.82494283,0.345290686,1.704764317,0.766059487,4.369922579,26.52144793,0,32.47641092,0.459982718
99.82493777,2.357451603,0.348532979,2.067007454,37.19101517,2.41569958,0.875311133,5.167518636,3.509201907,27.36540898,0,15.66966076,2.858209145
73.06780383,5.171567067,0.306172936,7.59308882,21.10572519,0.177580303,0.734815047,7.009461968,4.454816223,0.887901515,0,23.66716797,1.959506792
68.6725444,8.178091976,0.472830661,5.014786694,8.151549625,4.445982436,0.989104337,6.405351027,3.802538202,4.91172036,0,23.50593989,2.794593783
98.92940173,3.760118261,0.390729296,3.491231383,38.46925286,2.563184183,3.023593537,2.88247514,5.225092635,2.605969041,0,29.03333572,7.484419669
81.11557882,3.38162906,0,0,15.84938676,0.291419257,0,4.016728761,5.389507741,2.739341017,0,46.83269361,2.614937374
83.64537225,7.40372737,7.897028909,2.45249345,5.731827549,2.893942271,0,7.113492288,5.806803777,1.024721835,0,35.98158247,7.339752326
97.73222573,7.585966867,0.419273602,16.22841304,2.395540011,1.481703892,3.202889652,13.81195444,5.198992661,18.34822431,0,20.09655014,8.962536777
79.36151914,8.508733027,2.439419508,5.335267866,5.403562166,2.428367733,9.389710609,3.787688795,3.998003124,13.20309242,4.250682589,10.19719861,10.41974546
96.58937952,8.006560766,0.629627496,7.505861567,30.4593758,0.152147612,0.64743479,3.104666733,2.843056639,2.199462639,1.251136961,23.8216198,15.96851601
84.51211768,8.915491531,0.181512023,5.462896503,16.78155712,2.646709965,6.503772379,3.092293935,4.412490293,5.226217459,0,25.71077233,5.578404154
98.53184027,6.110598234,0.880895836,4.448523971,36.19095942,1.250872087,2.704350216,11.60433448,1.932156926,7.405104028,0,20.01688971,5.987155364
90.5634195,6.452527408,6.633267903,1.467943104,10.34899889,0.516073748,4.206574458,3.903811193,3.190987196,1.382618911,0,41.37764625,11.08297044
67.64552178,2.413825715,3.599166971,7.39528145,3.972489748,0.145029415,0.073124075,8.012107397,6.251767165,4.766227207,0,28.11157564,2.905024501
69.3042191,4.557660363,0,0,9.695610755,0,3.320639831,17.28869758,7.153759597,3.402011946,0,17.80323236,6.082606669
92.57198682,6.507146517,0.759280517,1.048931974,7.779419448,1.146401095,59.99525309,0.839876738,5.178968042,5.390441727,0,2.65748181,1.268729622
93.79705515,8.031650526,1.339448403,1.081638508,37.32583294,0.480728226,0.155073621,7.447410658,2.826992115,5.156197905,0,27.58759721,2.364485039
62.18057974,3.943755813,0.194858914,9.463672211,10.09513317,7.075337524,3.158838192,1.667897233,1.99459164,8.670397469,2.683479046,7.486906539,5.745711992
78.05517957,2.063190092,1.016090462,4.577552766,3.599737557,0.800214795,0.206637745,8.520579094,8.228098898,27.80382434,0,16.64071315,4.59856769
100,5.100936089,0.758601617,2.11914354,48.28878295,1.53937865,1.125634276,6.809539308,2.536176284,4.433481338,3.79427284,20.94413313,2.549919983
100,4.748882073,2.623895931,6.65213053,48.03330993,0.615938012,4.681128891,9.269867081,0.49275041,2.303608165,0,15.84808505,4.730403932
79.155536,4.762982524,2.61720734,2.116618549,7.75869357,10.42472829,0.8245403,16.79495364,2.650291466,10.58259349,0,17.54826654,3.074660289
68.74451683,5.571016411,0,2.114423164,3.347984746,4.521578444,4.073374037,5.354909926,2.645472092,12.6130228,0,20.38463845,8.118096753
100,5.301689494,19.50923764,0,14.0700132,0,0.493618567,12.55712881,1.248025997,16.83390037,0,29.53421624,0.45216968
91.89005937,3.644914313,0.281518794,2.802620136,25.35441205,0.199702394,7.258660473,5.337923095,0,6.596839952,0,33.24504452,7.168486485
90.77550425,7.264174997,2.465209365,14.33641208,6.007626609,1.142912857,2.370340523,13.89714216,1.183595585,4.177507844,2.66042606,28.49602901,6.774170307
100,4.447623473,0,1.278921143,34.40509293,0.188666893,0.628138412,2.384307379,3.831075519,8.054294855,1.770764358,39.68282927,3.328500399
95.42093247,3.529764741,3.377343082,0,58.54195045,0,0,1.604438519,11.77593695,15.74114631,0,0.770130489,0.080221926
85.20073873,0.897971899,2.227116133,2.092768335,16.14675767,0.10853877,0.067940299,6.319442028,18.49856911,4.118093496,9.528212623,18.7260034,6.469366382
55.01308168,6.352781476,0,5.094968391,3.255159931,0.902475841,1.545158827,3.982520543,1.392905369,8.915378193,0,18.87224367,4.699548821
81.98781281,12.93408699,0.987085722,8.746727535,4.811755887,4.830349566,2.673707953,7.21362696,4.833996268,12.02479757,6.888215074,9.258751522,6.784801806
91.89501324,5.283971195,0.024146624,1.676465597,28.77017335,1.572980066,3.860010293,1.802947912,0,1.320613352,13.79807075,13.75497478,20.03070531
98.95946355,5.718868237,1.901455204,5.621861793,16.55823717,0.48288368,4.178904375,17.06958896,0,4.082220212,0,41.12299729,2.222446625
100,15.48637303,0,6.801764367,5.03228281,5.821560229,3.0812504,3.128129728,14.80236101,9.540653611,0,27.95428555,8.351339257
100,12.65260906,0.420037354,18.24067761,4.897906534,2.417247222,2.767910664,15.34084812,0,14.08615589,0,18.41931543,10.75729212
99.59878371,15.05349551,0,1.775800386,13.2621665,0.561558352,3.066963275,7.995676061,3.015441952,19.57954748,3.992541446,21.80844661,9.487146152
96.8728247,8.859197631,2.419670156,0.355611391,32.53049425,0,1.224256953,1.584932025,0,9.210770897,3.73898329,36.36126477,0.58757924
98.52232763,5.74445134,0,1.47767237,25.16254396,0,0,10.94955227,5.991961462,18.76717794,0,25.47876585,4.950202441
81.15854314,3.493930912,3.208251971,3.294499033,25.52508391,0.736279376,0.582514507,18.17662612,3.327390841,5.181587062,0,14.1557904,3.476704622
91.14970598,9.584332139,0.316529449,6.546833093,19.57490768,1.085914378,4.034597424,3.978556813,4.135862358,3.006478752,0,31.82776063,7.05789244
98.76271351,11.26227207,0.18393389,2.845457274,30.73373436,1.593088206,5.88956315,6.750226607,2.978110396,5.215629378,18.04391458,11.55178401,1.715073162
64.89640652,6.843896856,5.494057736,2.343563164,0,0.168683285,1.15404507,5.025345103,24.43734511,4.699376772,0,6.601923959,8.128222732
86.01710882,8.989484499,0,2.990234879,13.31048246,1.449023264,5.264879579,3.977990489,1.905158026,1.551762557,27.33468119,14.98547514,4.25797747
53.96819401,4.157230295,2.087791666,4.884046221,7.91154905,1.018504495,2.929358624,3.025578433,2.878825406,10.41921545,0,7.287759593,7.368334774
97.53820702,7.727445223,0,5.553593008,28.81418771,4.792862777,17.16740787,6.755896534,4.372012822,1.475729208,0,14.77591685,6.103067579
75.58656352,2.27150587,2.854437016,4.831501389,6.040076954,1.041573669,0,0.884024711,0.70905784,43.512484,0,12.7942008,0.647701273
100,19.44947785,0,1.092835685,30.08355075,1.374687494,0.329025798,6.338174486,7.906837333,2.013835433,0,27.31101453,4.100901245
56.72022069,7.970065447,0,4.200961187,6.609574993,0,5.174756222,9.502734153,3.961228845,3.670313459,0,14.98138969,0.64919669
45.55349183,3.996127696,0,6.416317709,5.1206718,0.140708722,0.968076005,13.96393354,2.911601153,0.897721644,0,9.928407402,1.209926156
85.26150899,2.049364684,0.380016688,2.562830425,25.13693302,1.035178335,1.573649236,3.667996747,0.124937597,4.527697955,8.232166073,33.50096052,2.469733613
51.13082726,2.25965149,0.478985735,2.852229417,1.641614745,0.081282428,0.043544158,6.244609596,1.229628954,19.09939651,0,15.28109641,1.918787824
68.20658957,4.663969548,0,2.624787539,8.097818335,0.03714357,0.24759904,5.555192374,5.636536793,11.68588723,0,28.68226499,0.975390156
58.35496517,2.475586341,0.445173932,8.046919606,6.136864471,0.381049155,1.89168092,0.778129505,2.034728499,7.312074326,5.549259544,17.80079145,5.502707422
82.20307217,6.308225874,0,14.85856429,5.678972373,1.753391904,4.428186273,14.51342752,3.504479991,6.183632933,1.24530675,16.87764239,6.851241882
100,6.972596459,0.198282966,13.7302879,25.62238163,0.105719404,0.693241993,12.19215723,0.052229482,0.74972546,0,37.76695725,1.916499002
86.67371064,12.13638939,2.763775097,1.180553916,19.51160484,0.694264082,0.229519357,11.06769296,5.397787642,9.31978451,0,16.8622451,7.510093736
78.94364236,6.423058682,0.881182686,5.247596962,30.24477067,1.81799507,0.831825978,1.937733341,4.743551918,3.038677461,0,20.73650411,3.040745479
100,11.14136597,2.29937789,19.46100062,2.228821636,1.345163858,2.151150467,5.258738377,0,4.804421328,0,33.07509646,18.2349375
40.80717534,3.867467588,1.123392986,0.82182438,23.35009769,0,0,4.209428413,0,3.120536073,0,3.734657572,0.579770638
87.47744352,4.006330052,0,4.471479777,35.75581522,0.260035975,3.094418445,1.102643265,3.820328076,9.189578677,0,21.63144099,4.145373044
76.91435476,2.795778286,0,6.43114293,21.71935608,1.233766056,5.546398121,1.153125965,17.8448594,0.706461868,0,13.54223217,5.941233875
44.30940156,2.770719549,0,0.540311925,8.53503316,3.584013683,0.12192762,10.63666367,2.35702349,1.808532074,0,11.55286645,2.402343192
91.13436142,15.65945854,0,4.376289811,25.80761719,8.678103896,5.283308068,1.961594549,5.112398287,6.095237638,0.866224777,11.35442518,5.939703491
74.00629287,3.730493126,0.330498907,0.106269745,15.56588214,0.25419723,0.47502576,11.72452842,25.21500495,0.701380316,0,14.00210159,1.900953197
81.4664288,4.424536861,1.108811856,2.767832257,20.29105432,3.020998489,13.66733742,7.15912089,2.848016727,5.326663838,0,13.5489423,7.303196544
92.58777252,11.03878213,0,10.58135922,33.29154387,0.425599268,1.288271064,3.248774581,5.986444806,1.467655879,0,20.46720449,4.792137217
85.80731136,3.897971263,0,16.27899918,18.63481904,0.553216218,0.38920964,4.665619962,2.910504793,6.187649962,0,26.73904497,5.550276339
93.16804582,3.899340221,0,5.757400756,33.72205433,0.184564024,2.391737734,3.617945351,6.511795326,12.82708099,0,20.94663228,3.309415692
99.64834655,1.815375752,0.43464366,19.78824273,2.307831238,3.272486972,4.047038853,15.91714313,0.891075767,27.21181578,5.626455142,14.01338984,4.32286175
93.16442731,5.439396418,0.641208243,2.477843796,29.30812363,0.836321289,2.332963936,7.072281267,4.790530677,17.74101362,0,20.61606715,1.908738553
76.47372661,2.2779244,2.469858082,1.139612252,18.62840127,1.165662458,1.58381401,5.490622648,15.88499195,3.238218782,0,22.45142551,2.143291542
82.88575448,8.075295038,5.87726652,0.458519639,19.77786252,0.306061859,0,28.60249328,3.518335818,0.573149548,0,14.97066621,0.726104058
85.0627221,0.83404478,0,2.839723893,19.4961872,4.445505532,10.19685565,12.34276942,3.745503664,20.09249128,0,7.823911236,3.245729439
99.83791221,7.141896038,0,7.974734838,19.96907577,0.70637299,0.77256143,7.891746511,0,22.62540221,0,28.1629869,4.593135535
100,7.474488362,0.943094771,5.913758976,54.38624132,0.266655423,0,10.58115349,5.168159345,4.670353243,0,6.420441265,4.175653805
88.15410395,2.54938189,6.520196533,0.056079672,33.46834826,0.218710721,0,8.941043815,2.663784421,4.310732229,0,24.80030029,4.625526121
53.33165209,3.75072115,0,0,19.52447765,0,0,2.970965964,4.007349439,2.048091154,0,15.60990921,5.420137523
66.22405693,11.03018511,0.349705511,0,7.261428972,1.23930725,0,2.918594867,4.667122423,2.419892021,0,36.33782078,0
81.23473797,3.660290435,7.772853163,2.215211233,16.63946687,6.615636045,0.317282859,5.047681845,6.022259412,8.180994295,0,18.15261767,6.610444144
57.95043072,1.446419594,1.709741443,4.813932078,3.769396372,0.751334729,1.837084352,8.879498062,0.66034797,9.332118634,0,19.61697659,5.133619453
76.2295339,2.403691066,4.386232159,7.037236826,5.790274482,0.86246138,3.19370569,7.878775117,1.811079291,9.586672664,0,30.67190446,2.607500771
83.03589357,5.655239383,3.029688462,3.291457843,33.3015915,0.134309585,0.050366094,5.316174836,0,2.214429282,0,25.30728354,4.735420191
61.91286638,4.421313727,0.041571532,1.16505698,13.3264913,1.416131554,1.76664873,12.28961964,1.208068219,0.801016844,13.10305395,10.84225159,1.531668021
78.04168114,6.530355052,0,4.296286219,9.508397449,0,0,26.33623452,5.291592526,0.179011926,0,22.67007028,3.229733165
72.60069246,6.127481505,6.484502786,2.265341537,7.299009474,6.011242019,0,7.97901047,5.872584917,7.202696756,0,17.18268696,6.176136033
83.27097506,2.717463804,0.825881167,0.445166437,20.36254235,1.519861168,7.200604587,9.178672421,2.479292266,2.391248238,0,33.00601859,3.14425401
89.15826762,4.269311014,1.788250114,1.824033356,10.09318128,3.703216897,0.776126193,11.71313749,4.625158463,7.094524091,6.795436269,20.56527867,15.91066743
90.86995412,0.266061594,0.217044782,0.452782416,2.877847654,0.314455311,2.076983562,80.35849401,0.226000735,0.93879657,0,2.146562511,0.994929128
84.14593657,6.475785706,13.42422372,0.733857211,24.7935944,0.058740281,0,7.021797312,4.953734323,2.788798308,0,22.41289574,1.482421509
83.0681693,4.24222706,0.287989716,5.151563673,22.15351805,2.722275028,6.750610672,2.053914037,3.912617379,8.835242855,0,16.57383087,10.38449353
99.04099953,4.326183511,6.402125908,3.527806008,29.29469801,0.252509678,0.802221013,3.900715876,0,25.17275684,0,17.64439308,7.717678985
99.12338835,4.948472767,0,0,18.74721676,0,0.648692621,5.207073204,2.78324199,23.98321815,0,42.62962456,0.175848297
83.42392797,5.00736072,0.450196961,12.60821609,9.735059088,11.20765335,3.209904333,2.077658976,2.228474958,3.969656725,0,28.93866066,3.99117614
78.04926443,13.80613602,0,13.54380703,9.029077499,4.388048482,1.068394413,4.156245052,1.416576521,1.097012121,0,24.7853195,4.758647794
72.26703501,7.073029562,0.979723079,3.047426181,6.018240454,1.004729933,5.310682883,4.043972052,8.531838499,7.318233134,1.136675189,15.44796142,12.35456809
75.54363414,1.610638494,1.029132654,4.129599286,6.086058674,0.08729072,5.276748994,9.958025634,2.510830284,1.395504278,0,43.26527151,0.194533606
97.69469593,3.00269665,4.43951711,5.216899663,5.484745613,0.073746131,0.694442737,3.306284891,26.02068333,16.5572356,0,25.33799081,7.560453391
97.12240903,5.780078872,9.559874387,1.163095125,17.30268488,2.722661396,0.561350322,7.009336581,4.546511196,1.222609355,0,43.64062025,3.613632518
100,9.553544826,0.131413637,3.400894292,36.44904493,0.37951352,0.045315047,10.04408021,5.496715226,6.738347519,0,24.55622408,3.204906713
99.18076351,10.33570603,0,0.288533386,18.89819738,1.672049666,4.281202185,8.66139472,4.980049704,19.0802596,1.037311012,24.8345739,5.111572911
100,19.56511691,0,1.403168189,24.05619842,4.880667031,3.0327299,15.11648418,5.222615581,1.875481676,0,21.70029082,3.147247291
34.10155724,1.428186967,0,0,2.636182368,0,0,4.250920523,3.435538919,0.215359585,0,18.89977614,3.235592743
61.17610618,6.073780894,0.56873669,4.306395061,12.48071587,0.457742692,2.039192067,8.417475102,3.090408484,0.785519155,0,20.48312504,2.473015122
93.58830228,21.2989711,1.63968626,2.112555668,27.44424516,1.717918332,2.327693863,8.623926844,0.09025663,10.22840867,0,14.75369936,3.350940378
70.75424222,9.634078228,1.373862073,3.96727145,6.95234092,0.974831722,3.333889941,3.760213277,2.062520513,7.885023982,0,27.36208118,3.448128933
100,2.908757828,0,0.763718757,32.12851652,3.091250937,2.598729911,0.447642797,0,18.20837698,0,31.43080031,8.422118305
94.88994,12.90048082,1.213368145,6.082603373,22.51367972,0.251846778,2.056847447,9.173148511,0.110812582,7.155411387,0,31.40203397,2.029944286
75.34648794,5.615730788,5.691200723,0,14.45589264,0.185650199,3.379250816,5.024361895,4.107458507,5.911936724,0,29.02400979,1.950995857
69.786708,2.483572616,0.445619622,10.12802588,16.61429052,0.544176885,1.3248912,6.040997005,1.557486339,6.848955363,0,19.99881731,3.799910454
72.19263779,6.197072916,0,4.61434786,0,0.612841589,1.248378667,14.33727271,8.15433693,4.051017937,1.584880494,23.68274243,7.709746254
97.74598894,6.634225642,0,2.610249218,43.83189995,0.563570388,18.17260915,2.698159166,2.691396862,1.133767834,0,15.22870787,4.181402853
82.58622802,8.052202464,0.577134308,5.752993692,5.499331375,2.756046968,2.867322153,4.655259636,3.201506495,2.875933038,13.21529929,23.90535407,9.227844526
79.05999452,2.688252756,4.730961387,2.278091244,13.38378112,1.275680528,5.333442899,11.61505343,2.275009699,6.85315807,0,26.33298541,2.293577982
78.71622107,2.317026305,0.399564699,18.98156795,20.23054434,0.556696884,4.893545189,5.618597986,3.269875875,0.675668395,0,17.2576034,4.515530047
67.1672936,4.262420608,2.48239412,2.11208312,1.508448488,1.894976352,5.351035965,7.964752444,2.243094215,14.21596443,0,16.60930587,8.522849126
88.45594447,6.153013282,0.788219107,16.510164,15.21308639,2.711235425,1.005240548,9.113864376,0,1.254122306,6.907386198,24.69977693,4.099835906
98.16206731,6.369562858,0.82094176,2.741183441,30.13187529,0.780917881,0,7.04216753,5.087668123,10.93533769,0,34.07773225,0.174680487
99.92530903,11.15701961,0.908755073,10.8032014,45.46653611,2.151781375,2.660092427,4.832496759,5.621369687,3.672320943,0,11.40924733,1.242577977
75.81892104,3.35219895,0.903080849,4.744002364,10.62725345,1.840096583,8.50329091,11.88981184,2.024609458,4.668003704,3.935414472,15.94453603,7.386622429
85.68599842,6.182057714,4.115309348,11.35884902,7.014246345,5.316007479,0.65805268,12.7758117,2.294057619,9.728928591,0,20.94690805,5.295836015
100,11.69406091,0,0.801974613,12.85350436,0.357105677,27.4184528,11.62869241,3.983725665,5.369779902,0,23.93818561,1.954760158
99.41348423,9.177798736,9.800678481,26.77397559,4.160742857,2.129052237,0,3.76543123,12.66756755,2.454216579,0,24.363865,4.120390573
37.23018709,9.708704586,0,5.636163208,2.455790928,0.14536921,1.954557891,2.150423774,0,0.153020221,0,10.7848652,4.241292078
70.42178562,5.551692858,0.408572043,3.293797486,8.006271203,1.581171708,2.688175426,11.14239721,4.658151253,2.816430972,16.141165,9.124548405,5.009464483
100,18.00995408,0.44537762,0.637588596,38.93231392,1.512623979,2.813249751,5.545921494,4.828084678,3.57780642,0,21.29507435,2.401950142
74.46993839,2.599319735,0.532566648,1.065133296,3.758737052,4.495651495,0.335319741,11.49949465,3.180251324,4.80840619,0,39.5203902,2.674668053
100,8.742776964,0.81963534,3.231705056,17.89302978,2.31449408,0.175636144,5.87210176,0,0.625459825,47.61691025,10.47181723,2.236433571
85.3452926,22.61682243,0.752681428,3.067176817,10.25904786,0.282255535,0,6.802358402,7.018754312,4.258922411,0,23.96600389,6.321269523
75.25861373,3.041195875,0,9.227351933,26.32714201,0.046477244,7.349332531,4.084816736,4.466747101,0.900004683,2.421001139,15.96201917,1.432525303
92.45781041,1.352705319,0.118600235,16.776626,28.70598124,0.08080523,0,10.00506183,2.426427053,5.28700582,0,10.90085254,16.80374514
76.69101547,12.41491668,3.310931631,2.565821243,4.377658147,1.881837735,2.442490548,5.695396875,1.61828999,12.75738229,3.230807603,24.55874707,1.836821816
90.05018712,4.222340935,0.898386209,10.6697098,29.63620185,0.862153773,2.241659208,4.125374621,2.336398117,14.62305459,0,17.33718328,3.097724744
100,6.417070715,0,13.0185285,8.240097613,2.446736189,0,14.35357102,5.7345179,10.48625274,0,33.26783584,6.035469658
81.05002624,8.021743506,0.213133783,8.930158476,11.65963114,4.077252036,1.186757214,5.144069798,3.133176907,16.24021528,0,18.88439767,3.559536381
73.59712757,10.23463091,0.022516159,3.56946211,26.40335457,4.355550884,0.445164233,3.727943084,2.931439983,3.454904521,0,13.25864269,5.193518432
95.68205534,13.11845562,4.728149401,0,4.718254111,0,0,2.959591235,2.24892951,54.19920118,0,7.01666007,6.69281422
80.0071812,5.154076692,0.239524429,2.406428129,7.639108679,0.593151231,2.813755494,8.592406849,3.875405641,2.215804718,0,28.76421242,17.7133522
98.25198465,13.58174125,1.089374509,0,38.39636221,3.027130769,15.59910146,0.43618599,2.33904737,5.375992323,0,18.24347902,0.163569746
100,21.50644934,1.477393929,0,42.42971687,4.67193431,1.308919183,4.665454512,5.394950164,1.619949483,0,16.9252322,0
98.22261583,3.733365389,0.117756301,3.430878891,19.19807959,4.967843943,0.99798465,5.583120616,1.280477109,3.280984933,36.67618121,17.29594734,1.659873191
86.62005717,13.13922795,0,0.721274297,14.23815273,5.024715964,1.731050023,8.08831849,2.341623657,17.01619645,0,17.83262938,6.486868232
90.45494098,3.658814912,2.327378404,7.70188545,1.81484436,0.942725009,7.156022927,3.114184093,2.753584442,14.1880784,25.50958158,16.44021414,4.847627266
90.67537458,6.472391342,6.487327938,1.640038238,20.0936561,0.507042787,2.824765313,4.910424141,2.428799797,5.01334093,3.643072188,31.62907988,5.025581653
91.06742434,1.755959556,0.036937015,0.506681899,8.152466781,0.180962569,0.720858977,68.45463683,1.641293057,1.062465434,0,6.656927585,1.898212488
82.38835962,9.079809761,0.943342496,14.03180491,23.01457094,0.089302352,0.246065305,2.900252867,4.125768678,4.990425571,9.953203356,11.97425659,1.039556795
79.48058335,8.290289832,0.825076088,5.138400613,16.59126597,1.512163971,0.077812897,7.407787826,2.683559328,6.155882058,0,30.61766322,0.180681548
65.82108757,2.570341638,1.310346114,6.030061167,5.083544681,1.019991049,4.990936894,6.26667164,2.437453379,3.790168581,2.486461286,23.25246158,6.582686857
86.19001232,6.163791562,0.643040809,12.80175293,23.71431352,1.459943882,9.292064477,2.117126598,2.338489029,8.418593779,0,13.89234349,5.348552243
75.62717955,13.16665076,0.222921325,5.421147981,5.263876453,0.823528973,2.64572415,13.52033837,17.00596395,6.786567764,0,7.222277627,3.548235535
71.92280532,3.406951746,1.90724093,4.454793174,16.94079859,0.64878794,5.871759076,5.154440872,3.798441474,2.317966079,0,18.11533298,9.306292461
80.24029657,1.082070828,5.188221351,0,17.06258605,0.089353495,3.477101916,1.166956649,1.900799035,15.27294276,0,24.17726876,10.82299573
66.11259451,4.357407318,0.049045905,2.451720226,7.269178133,0.850455992,2.399866866,14.88414681,2.290782008,7.433566476,0,15.47144615,8.654978633
92.94898681,6.615456959,0,19.44306932,35.00831178,0.857052726,5.152299947,10.18166588,0.044305869,3.896730699,0.295372459,7.847337335,3.60726569
90.8851228,8.285037352,2.460479179,3.128117936,22.62083869,2.024229714,7.368366151,7.534881445,2.851654899,4.401612223,0,26.20117507,4.008794532
86.17216041,13.90445608,7.438856339,1.678714374,8.03779268,0.863535339,0.473485075,23.49715664,1.9990562,2.460698915,0,18.23005758,7.58832128
74.77154708,3.751991879,4.248033477,7.787850075,17.15715913,0.308256362,3.178916376,3.197057981,1.583209748,13.72700718,2.662378687,14.37889754,2.790788653
84.08480884,4.265292294,0,12.84456132,19.90149485,0.304947475,2.67930676,8.526196522,0,4.856434036,2.032367297,26.90688016,1.767328125
79.10446755,3.428377375,0.573011335,3.433854689,8.141648402,0.150668274,3.327510527,26.86411963,3.012522826,11.71749193,0,14.73186862,3.723562479
60.20377636,4.527172947,0.017826875,6.237225455,2.292555146,0.047411903,2.696789029,4.906183697,12.75716809,2.452712553,7.026443989,9.387556746,7.85472993
96.21847818,4.84034793,2.647065274,18.8546678,35.70134751,0,2.420173965,2.578997882,6.93379841,7.979011041,0,14.19583291,0.067235458
75.18778427,7.04965509,0.168301336,3.582060096,3.881303268,0.479156244,1.93021025,8.850162702,2.849969938,6.224579247,4.895609111,25.01062497,10.26619791
100,4.913235794,0,8.220483158,34.91137575,2.005852331,5.282250198,9.495565385,0,5.135533628,0,23.85001701,6.185777475
76.13301027,4.935242567,0,3.91685918,5.170254118,0,5.483602852,8.687593662,6.459919172,0.195842959,0,33.29330303,7.990392728
92.55492618,6.208624582,4.857262578,0.85350775,25.42391896,0.322180226,0.183435946,4.994612138,23.02257566,2.909203148,0,20.57211398,3.207551861
88.47021602,9.478775472,1.262820189,3.666143056,17.2079004,0.973660704,4.750754504,9.965661271,3.95840761,5.693919001,0,22.27553822,9.236635592
82.0220541,5.378297703,0.025393702,10.73424895,4.829131301,4.063566397,12.02667796,4.244060413,13.17089608,11.09934414,0,10.93364471,5.51688107
84.4743944,8.612214319,2.827612319,2.162196998,6.294700039,5.781701884,4.334061047,6.453561905,7.194783015,2.174764164,0,30.5349907,8.103888571
78.67403745,0.854517849,27.83509168,1.244209133,16.38139915,1.108732043,0.077860396,9.687779811,2.843850975,2.619885545,0,12.11897069,3.90174018
85.04096023,1.838346293,0,0,29.7295484,0,0,19.71861225,0,2.314706099,0,27.41417137,4.025575825
76.77194694,2.292386951,3.937590742,4.555288626,5.045216978,0.02488209,2.285419966,8.459786188,3.471673607,3.786183224,0,40.22040555,2.693113011
98.73795959,11.04365996,0.516750027,2.659891858,32.45008167,0.430413838,6.053612527,1.490753561,3.35645615,9.929640901,3.359739114,23.77700958,3.669950398
84.94540086,4.480699829,0.615230156,4.605745084,10.53050989,1.795178807,6.315831891,17.79834758,2.01599942,5.281170646,0,26.91303154,4.593718499
98.85518417,8.168785475,6.512342267,1.02330433,16.11774965,0.582620633,4.689917619,15.68356045,2.744642909,2.013987456,3.866951102,20.06332876,17.38794394
58.40278196,2.158126091,0,3.901768331,17.68260372,0.942172979,0.839003633,13.47674675,1.973214107,5.277894864,0,11.41867887,0.73257261
85.33592965,4.065566821,0.210620152,4.842903379,16.62910281,2.978349733,12.2305901,3.232635384,2.649484203,12.69439081,6.23388046,12.50717605,7.061173069
100,18.20780052,16.48939703,0,38.70155156,0.826090706,0,8.096045808,0,11.56576556,0,5.83240064,0.280849031
92.74450417,8.051666777,3.676515524,2.213242789,18.4177783,2.827788004,1.222245852,8.291715862,25.49599959,3.53918398,0,18.42168949,0.586678009
58.47932233,1.276963992,0,4.101763125,14.73609411,0,2.82831694,9.518482559,4.972772173,2.694640269,0,9.026693121,9.323596043
99.63349092,2.661480688,21.55209775,1.869944276,0,0.833335167,0.780976727,9.706770738,0,18.45744997,0,39.68681733,4.084618278
82.19713689,2.963118588,5.878957061,2.15756628,3.208653649,1.31416065,0.832444243,19.3955526,6.467108532,6.935159744,0.158318962,26.16037239,6.725724182
89.8390275,11.27764878,0,0.201957895,31.10363658,2.582916047,17.6906754,2.105621616,4.576803382,3.84265341,0,7.571330583,8.885844406
82.53818447,4.376362841,9.085604786,1.927768974,27.25220143,0.093505367,0.155842278,9.551573197,5.264663823,11.9892581,0,11.45440741,1.386996271
51.93855617,8.964329561,0.754220492,0,14.08632473,0,0,4.397524481,5.169762462,6.943018642,0,10.08141391,1.541961895
87.28173018,7.472517012,0.801783016,6.82532396,27.96190242,0.065572893,4.293116734,4.544669616,1.562892744,4.204453686,9.968377895,14.51525032,5.065909215
68.20738495,8.247800267,0.700252021,0.310527246,10.01012365,3.482233672,4.362602594,6.560789851,3.044229322,4.33168464,1.585536105,23.11117066,2.460355652
70.74967517,1.578470296,0,1.852079177,1.837085164,0.076456724,1.45055395,13.93997213,1.373587515,25.20419255,0,16.22991471,7.207362952
62.44180317,3.361241512,0.217549201,5.523622556,6.045005805,0.853179622,3.621952474,2.062482451,2.227201037,4.768253055,9.004912551,22.12427029,2.632093941
97.72710484,3.740333093,7.22496548,0,3.666464,0.031820532,0.312523084,13.29231705,0.100291499,16.30574986,0,50.76838062,2.284259633
68.8600515,4.543485399,0,6.528540771,5.684182132,2.946795922,1.915045616,1.67432453,10.92209377,8.692028086,0,18.23494397,7.718658958
80.88805373,3.93262963,0.170167501,4.850501396,25.69008203,1.556387173,15.13115337,3.193046463,3.13394553,3.166852404,0,12.27975631,7.783531917
72.31381134,9.436278686,0.556426931,31.58288104,1.439627471,0.406302641,1.818668278,4.030929288,1.727442444,2.111779047,0,17.62670997,1.576673448
99.34419871,4.526486245,1.067218511,2.207976449,30.30508212,1.080222434,0.554908785,2.447091689,19.46373391,12.97253426,0,21.11186905,3.607075255
81.77139748,8.546752625,0.51814281,3.428855607,29.24948706,1.826648684,3.690791118,2.442106003,3.503387456,3.777560511,0,18.91449081,5.873174783
74.83003329,2.229095604,1.158768771,3.577631311,23.75875518,1.042060202,1.370007474,2.770564653,2.440769179,10.27535503,0,16.84962968,9.357450567
87.72642765,4.9767231,0,0,22.71756061,4.467488219,4.85069108,8.486445054,2.604179966,3.466844088,0,30.9717907,5.184704839
89.26831849,9.55646748,0,9.093524419,6.46400783,0,0,23.18022043,3.332991637,6.553951054,0,26.89699186,4.190163783
85.53225559,20.00647854,0,5.495504405,35.72610832,1.190297829,2.676689646,4.169003342,0,0.900717909,0,13.53623273,1.831222874
98.95744454,4.683662786,5.70763892,5.462321394,16.00454709,0.335396431,0.076606693,43.11186955,2.363800784,1.381033768,0,17.35810811,2.472459013
99.12501226,7.303776995,4.855535429,8.237384606,34.81319766,2.748452877,1.7486824,3.697685269,0,4.619870627,5.172341336,23.71680138,2.211283678
84.34549457,3.319479467,8.257002463,2.089617677,22.91272193,0.791618967,1.026668906,6.87567544,3.587796633,7.014449129,0,26.32745206,2.143075994
69.91225818,2.831464502,0.122553,10.87621105,6.320916059,1.096236581,5.048448265,11.47843649,1.625665539,3.309543754,1.960847993,19.9277305,5.314204444
73.78871508,4.704018781,2.602046815,0,16.97617103,0,0,22.26516849,2.500309997,14.53011853,0,9.812832524,0.398048915
99.25333572,27.64972485,0,5.823981363,26.81346086,1.623994803,0.130666249,2.214606247,3.079990144,22.43726153,0,6.27197993,3.207669735
99.76354374,11.82990661,0.472912517,13.61411095,9.221794079,4.829855535,5.575638574,3.754925384,1.882191817,17.71530288,0,27.1185062,3.748399191
98.43519549,7.41125932,0.326813563,6.224650397,4.233597015,2.031254268,0.682817578,12.57476852,6.861377789,2.919045148,45.86967914,6.119624519,3.180308224
100,15.91468253,0.174748386,1.069770416,10.22073646,1.624835027,4.369548285,1.284982436,10.01108033,15.07951733,0,27.5058363,12.7442625
97.38190495,3.201504928,2.514616526,4.059581847,10.86377339,2.845806691,0.183479351,4.303043417,4.450239046,8.66548027,14.71956289,23.45635944,18.11853075
85.00975372,6.438340187,2.857568723,1.021056501,14.10784293,0.16981117,0.465264921,9.228792867,6.433034904,16.36170411,2.456135623,23.77027955,1.699922231
85.32645215,11.42208066,0.388353655,1.372162111,23.86890113,2.040846046,3.168304267,7.179003626,1.589145029,5.581641123,0,25.33530414,3.380710364
87.14968939,5.204997516,0.348844114,3.073405724,6.117843699,1.79867994,2.479784132,6.458576843,1.375968066,16.65116892,8.599800412,29.57317471,5.46744532
77.46722273,6.000758572,1.33964193,2.978275194,41.60174287,2.082724564,0.530247022,6.033663527,3.443884493,2.636164136,0,6.826564095,3.993388867
79.3858702,3.346990794,4.769555538,3.414070565,13.28359723,0.577847347,2.375076295,7.161313421,0.393042223,9.756784582,0,24.69369673,9.613895479
89.72315935,7.013862109,0.193949826,9.284666069,27.98271725,0.500102657,2.589608987,10.65080016,2.616352849,2.729692279,0,23.3917885,2.769542907
81.2653232,5.39206307,0.163123143,1.614448884,31.71423614,0.73032469,4.91947619,3.065288173,2.569919184,4.280523162,0,22.19317931,4.622822322
98.17054207,10.74074752,2.213644097,2.195349518,24.02078264,0.365891586,5.122482209,9.440002927,3.110078484,10.72062348,0,16.50171054,13.73922907
74.63943928,11.46982,1.656448199,1.184868654,9.387875542,1.701893968,4.763882362,6.685446061,8.650451908,8.642255276,0,15.12642849,5.369977742
80.04436726,11.6075897,0.587399111,4.904469333,16.26519973,0.192819904,5.925539203,4.840208244,0.146547524,10.24649293,0,20.31584655,5.012291674
95.62622758,2.197963622,1.505083419,1.433441448,10.792893,1.125501381,24.66169487,18.87073591,1.893394941,15.05318212,0.301016684,14.32616663,3.465153556
96.54442765,4.801072764,0.247167517,3.376024183,9.202018251,3.209427594,4.877325363,6.271918361,0,15.17449459,6.628975988,29.26724775,13.48864166
80.07200024,7.62912025,0.489260079,3.408773606,3.050244606,1.748331878,3.174792457,9.347664679,4.041720095,21.89956575,1.472196827,17.85298741,5.957342606
87.15276401,2.718122631,2.825017685,0.079318159,16.012215,0.046115209,1.730242631,16.47696407,2.697278557,11.00032188,0,31.32237206,2.244796129
100,6.356410722,0,0.582115548,35.09830767,0.097504354,23.46012974,10.25920441,0.960490654,2.379106243,0,17.8321202,2.974610448
65.75620277,9.801126209,0.654233668,0.443530394,3.51780405,0.825129075,0.316920301,6.536316591,13.06134551,3.281515378,0.846575658,23.77289799,2.698920823
100,2.91475295,0,6.80328713,27.74617428,0.411920994,7.579346281,9.341544292,2.44598686,2.561736659,0,30.7721459,9.423104649
89.77077123,3.501774037,2.248178066,8.565094316,15.7479397,1.327483244,7.02292956,12.4816767,1.605878605,10.7782966,0,19.5210174,6.970540142
97.42446198,0.783853811,0.771003748,3.225365681,22.56256803,5.568360405,0,3.443388407,3.426683326,36.52630258,0,21.116936,0
77.40489018,8.816167843,1.589846139,0.754722438,12.64452396,9.284982399,0.605984234,4.090713778,1.720777074,4.643400155,0,25.01107273,8.242658117
86.60121906,2.8128797,0.381582477,11.72003322,33.55343661,0.440397821,1.921755509,4.872564363,5.932459902,2.342787302,0,21.24288298,1.380367438
68.18725871,3.666239754,0.225340092,9.341517061,3.225465825,1.741323726,4.704545937,3.645039279,1.626476481,8.796754667,1.845176116,13.91137603,15.45803095
53.67224922,3.834410423,0.712798745,0,15.75269511,0.122978792,0.717376288,10.22001589,1.014575037,0.764518159,0,18.27826958,2.254611192
100,7.860512204,5.069789103,10.69885821,20.64132175,2.578627725,2.188393258,9.519902273,3.424906673,9.82114604,0,18.83170403,9.364891303
76.82389616,5.544693592,0.11962533,0.231324917,19.88174628,1.388442296,8.915721429,2.972071407,1.866532956,16.15520986,0,12.53462379,7.213904299
100,3.159130539,1.728128582,5.935842948,28.31232078,0,3.818049244,1.778300057,4.943060951,32.11665648,0,15.88707627,2.321434146
71.62750316,0.392675356,0.766057415,0.851174905,27.63736544,2.426132204,4.741044221,26.8687545,0,1.191644867,0,6.10008682,0.652567427
86.24595176,1.397406741,2.176451,23.69334372,12.88849394,1.843656771,0.312003454,3.06520702,1.666665721,5.356049832,0,30.72005859,3.126614972
99.13824003,5.932365454,0.064424304,6.793184922,25.81622406,3.005265759,4.221803525,4.540528791,3.008400762,12.28518701,0,19.25241683,14.21849087
98.26395232,13.22644547,0.222643405,0,4.506530873,0.004852484,2.708828096,37.71350932,1.569921447,5.537541103,0,30.85038363,1.923296493
92.13028518,1.444651054,1.247324759,3.740716665,1.702402002,0.15797256,4.881097026,68.11040022,0.586877256,4.098257865,0,4.309726352,1.850859429
63.33411112,5.722577695,0,3.329509973,5.01459999,0.065409456,1.229191734,8.48786083,4.141365015,8.604998107,0,20.78315172,5.955446602
98.57177428,8.500095759,2.375427391,0,40.60756009,0.619838085,24.46615981,1.23967617,3.655263131,1.603413489,0,11.58169317,3.922647176
86.03917426,2.250623663,0.659033856,8.33954346,23.11535904,1.228107287,5.430116372,7.64248842,3.007590872,0.809367314,0,28.32518297,5.231761008
98.49576188,9.958422483,0.111623488,1.752131562,41.58814326,2.457056212,0.625091531,3.155551349,4.442257616,1.444586529,0.259412985,24.08182984,8.619833618
83.82358801,5.285753376,0.770427623,0.951965166,5.284956382,0.605936898,3.586473416,14.64897281,5.623457484,13.46632213,0,31.25345918,2.345863556
93.63358701,2.069394949,0,1.699871017,21.36018926,3.687318779,13.29463639,0.399073662,3.297384209,16.56825896,0,20.88130087,10.37615891
96.71720989,9.971641451,1.57960464,0.49556224,32.7438414,15.47393095,0.396449792,2.13804134,2.400379601,3.406990401,1.548632,24.49626098,2.065875089
67.97725397,6.211333789,0.343611548,4.788253348,7.602009017,0.562994305,6.637887878,12.34009508,4.052607457,4.873574739,0,13.98128956,6.583650117
78.01200232,1.41229649,0.109281221,1.25346813,2.050791231,0.214771951,0.228444795,55.04978066,2.89075736,1.224802539,0,7.833050513,5.74455743
66.08597682,4.919222765,0.011549505,3.90650445,5.454946537,4.029737665,2.249266029,2.81698193,2.330112561,23.86913025,0,12.68522518,3.813299948
79.69211522,3.054564508,3.402432827,16.78863372,18.15965542,1.261962613,1.826512231,5.637353863,8.290598168,6.217038603,0,12.95465834,2.098800733
99.01793523,7.9286199,0.752677381,8.306810416,24.2515639,4.481238023,4.191696176,3.962129575,2.808382676,6.387602567,11.94726002,14.83371804,9.166356038
83.82038583,2.305364191,4.157962687,5.49991005,27.35986328,0.59366964,1.812226843,13.25280168,4.328603024,1.844238441,0,17.89474798,4.771050933
80.76405628,3.580675708,0.645644055,1.79417309,20.72721594,5.245554437,2.700116547,5.124868664,2.960581499,5.0430319,0,24.87661025,8.065639375
90.49886968,4.621823205,0.107751886,17.51830166,19.53472736,1.96173084,0.706852373,4.898185243,4.462867622,21.43922039,0,14.08588687,1.161608434
82.55831019,4.700173722,0.035425902,3.032457211,36.22096046,0.361006811,4.067737024,5.705763254,1.988911355,4.670989526,4.217369286,14.40349698,3.154018664
58.99737236,8.67694594,0,3.867619586,5.495535829,1.137236426,6.265543729,4.719277232,3.399989218,1.608968814,15.80528137,6.770287618,1.2506866
82.846419,5.195443467,0.569229941,13.44655096,8.656603875,2.268840804,2.745499347,17.97164286,5.972369962,3.353642937,0,17.3529293,5.313732883
82.37685924,12.04372313,0,0,29.07728896,0,0,7.088561301,6.54953638,6.175928738,0,19.99930638,1.442514343
72.47053701,8.342843363,0.095262205,7.473940044,6.016605454,12.36025686,1.508651603,7.306674012,0.499855135,1.988905696,0,23.23694916,3.640650617
60.63525259,5.362093283,0,4.863576674,6.978364032,5.732072509,2.991968151,5.269598477,2.62502866,3.614505965,0,15.76042021,7.437624629
79.57158979,7.507228118,1.669373965,3.368546298,15.28932956,1.449440291,2.270593702,9.966416433,1.648224476,4.180315499,0,18.14272473,14.07943174
98.26734776,11.10159312,0.466408629,3.316694371,4.362595096,2.025504447,4.31697344,3.304949222,2.201681692,9.184901173,44.19476564,6.301321329,7.489911062
66.62534899,7.059925344,0,8.439444646,17.65140907,0.922949751,3.945930314,7.328949929,1.334287869,1.648898489,0,15.39464425,2.898869923
82.32716033,2.304298755,0,1.123996118,12.0916522,0.143120247,4.456814721,8.52061371,0,32.67661227,2.98167182,13.18714981,4.841230683
88.4436691,17.2794365,0,0.328225596,9.71826756,0.079266481,0.722096311,1.750591216,3.249433401,8.505966321,0,40.74379202,6.066757804
92.30870829,12.91570604,1.717631668,4.878767568,8.210076317,4.971580954,1.856896673,7.620940425,0.522917629,7.22111509,0,36.68662499,5.706540783
100,4.011290525,0,6.726072577,5.043974599,0.202941845,5.491026491,18.50249792,6.138237027,5.467833138,0,47.76091363,0.655212242
76.67597226,12.47200171,1.545731593,2.65527923,0.541781105,1.355957711,17.08867903,5.84687159,4.726036846,7.365564293,0,18.98827395,4.089795202
72.65613382,5.112148807,0,1.08815428,7.434995477,0,0,11.12456392,4.519394899,14.19257864,0,17.99807179,11.186226
98.97999429,4.944307688,1.360007616,4.3928246,58.11516544,1.407607883,2.964136599,4.284023991,1.70000952,1.921010758,0,12.33526908,5.555631112
97.74966575,5.194294175,0.179509752,4.377883824,30.13071182,2.15411702,3.478898988,7.230652798,5.768007341,12.63583503,0,22.80132866,3.798426346
79.05643192,12.40338218,0.347563501,8.073103021,5.851141974,0.363297218,7.286606721,5.512203583,3.291948602,9.496435744,0,19.23807105,7.192583543
74.68949481,8.182815276,1.191860253,9.815810063,15.43115362,1.204656298,1.830492611,8.581028217,5.24104094,3.638317942,0,10.45561235,9.116707248
71.75449942,5.257062654,4.81294235,2.389398703,2.901926908,0.426418431,8.079921199,8.354496905,2.045549671,2.326616063,5.310561645,24.52004324,5.329561654
100,8.291632667,3.93247933,0,30.59567231,0,0,8.179557006,7.916277515,3.20477403,0,37.87960715,0
80.64059016,2.966922668,0.214227342,11.17362559,3.664516202,0.388854129,5.960088186,4.900040892,11.43000531,5.010367973,0,15.32932098,19.60262088
93.3847066,5.012118278,3.56245645,5.818481341,24.1560342,2.955932553,0.716604498,3.678950867,1.803850869,23.91293663,0,16.39521237,5.372128554
96.80581527,3.44419171,0.277044188,2.405003454,8.166458509,5.885390138,51.8261019,0.441578694,0.90413303,2.967115775,0,12.50449167,7.984349816
90.24591498,7.803240898,0,6.267746966,26.58132755,0.514950166,6.65618008,2.608176826,2.539494203,0.981422469,0,30.94514882,5.348362601
85.63335965,3.767085609,10.57116217,1.014020352,22.37993619,0,12.9241964,2.154793249,3.470484656,4.5538133,0,24.66604507,0.131822646
95.261985,14.13997948,0.315867667,1.089198851,35.76983486,1.458219421,1.21304076,7.736906196,1.541216374,9.591267239,0,17.46258057,4.943873583
66.00141293,5.328886637,2.814854853,2.365407389,15.70812138,0.479792371,1.061597608,3.12067462,1.967969346,10.43616792,0,18.85567605,3.862301231
100,16.45110921,0.175254658,6.165655089,27.06347451,0.706469289,1.489824906,3.020946555,3.29072202,15.07267008,2.671912123,14.86535274,9.026672951
90.77016394,2.717160101,4.693276538,0.310140496,25.42685487,0.351309589,5.656633301,17.16998169,0,9.11209246,0,23.84239374,1.490321146
98.85354875,9.409782939,6.00926476,2.168377663,39.65655966,2.169214336,0.848316753,1.87087067,0,12.3543143,0,17.76305698,6.603860409
76.06788075,1.847358725,0.43229538,7.11518671,28.14005777,0.100045502,1.762134778,5.357745424,2.152485155,7.588537799,3.128978661,13.14434861,5.298755632
55.27389077,3.051444162,0.075080356,7.206730911,11.9291542,0.368544205,2.140975092,4.478096983,1.514641552,5.032098239,0,13.73123401,5.745865853
67.33930983,8.424890926,0.811982126,3.163145391,1.574199348,0.184105222,4.95958367,14.48657199,2.288354805,7.364748918,0,20.54181436,3.539913073
83.46818815,4.817874132,3.695620931,7.21432575,3.246108852,0.975769247,2.468957043,4.374110749,1.936520027,2.448944396,0,27.56937957,24.72061339
87.20050441,2.272974951,0,5.163493324,21.9256457,0,0,5.870554596,24.45523848,0.403738473,0,22.56368741,4.545171485
69.95716093,6.099969979,0.96614736,3.464118205,4.297008691,9.49612858,3.46583471,8.269352636,1.926689803,5.134663356,1.961720527,20.59386185,4.281630204
100,5.207253657,0,11.53763698,3.791603547,0.354355472,0,10.18612521,3.327397879,13.30604796,0,51.17335956,1.116219736
97.85992775,2.437744585,0.663773993,16.43542581,16.59253649,3.923147665,4.70106597,9.561781277,0.791546907,11.05691907,9.660750886,14.87911201,7.156161254
84.59751933,3.853643826,0.537539421,16.10618301,0.05533494,1.377247142,4.95496724,8.105066823,0.701330845,16.86632699,1.778623085,25.01779611,5.243499429
82.09918313,8.083381001,0,0.854284361,15.33209059,4.053579291,0.25272579,0.218020488,8.931542991,20.90636723,12.5971348,10.12949883,0.740557755
100,11.1357709,1.231398619,13.12537288,5.931986704,1.047984318,0.59319867,17.86073468,1.120600017,3.204636495,0,38.8579221,5.890394613
99.62884553,10.56899465,3.475490444,6.202733478,9.310780998,6.517472468,1.610810394,19.81222553,5.208039503,9.806866061,0,24.45907948,2.656352531
73.1155197,4.619391928,3.547033088,10.14172269,7.040130967,2.106645769,10.86318541,2.297005327,2.474039715,8.591561361,0,8.610597317,12.82420612
88.20174025,9.149726072,0.043506284,4.980019336,30.91543667,1.741089268,0.576861102,2.012246213,5.497131808,7.456525943,0,22.21708024,3.612310667
77.17750364,6.348860499,0,12.33151245,15.89816528,0.172468706,4.449692603,3.215104119,1.284316961,0.962950273,4.553173827,20.46484915,7.496409776
97.02098419,5.147077321,0.430302284,0,36.56212307,0,1.439857643,3.637709309,4.725712084,1.820509663,0,40.83998978,2.417703033
89.00513527,5.243862378,0.471482239,7.52055233,4.352278726,0.275715682,3.099555261,12.11120439,2.381838142,4.428437461,8.774047911,34.211908,6.134182568
74.6890446,6.616508085,0.809298466,7.461139748,15.81817472,2.004469811,3.317418479,1.474257063,1.199968354,1.951881699,17.91658,12.13747227,3.981840097
90.38397642,6.778990654,0,5.740061088,5.626131673,0.826312132,4.856746145,2.777515287,2.9964579,17.37282582,0.457241796,35.34242838,7.609265548
100,17.76095729,1.557085153,1.039442692,37.19541731,0.322227235,0.8107653,10.15899315,6.917283229,1.777447004,0,12.61883429,9.841547356
100,9.815695428,0.974393876,5.962670686,6.414517562,0.149940614,2.833551832,13.16888878,1.584809774,13.15321677,0,39.47937238,6.462942305
100,8.172336262,2.86151476,0,32.74763709,0,1.197068743,11.11712537,15.7159512,2.89378357,0,23.00453845,2.290044552
