,가계지출_소비지출_식료품비주류음료구입비,가계지출_소비지출_주류담배구입비,가계지출_소비지출_의류신발구입비,가계지출_소비지출_주거수도광열비,가계지출_소비지출_가정용품가사서비스이용금액,가계지출_소비지출_보건제품구입비,가계지출_소비지출_교통비,가계지출_소비지출_통신비,가계지출_소비지출_오락문화비,가계지출_소비지출_교육비,가계지출_소비지출_음식숙박비,가계지출_소비지출_기타상품서비스이용금액
0,150913,16500,322470,66380,19297,967,269260,42678,202000,26333,285233,120955
1,288200,76860,59563,101623,43685,56700,132213,37567,296150,75000,570107,42640
2,74323,0,87206,86500,3600,68300,656370,64676,1186751,0,764193,339362
3,3388,0,23500,336021,500,3625,3650,88461,21300,0,368538,8500
4,94176,6800,354673,116319,12343,189185,155537,362811,159039,0,486583,622226
5,113738,24200,287412,798316,23224,60384,111126,62936,393904,0,467015,83444
6,80045,0,162390,102785,30520,0,179043,71531,130803,0,414975,75285
7,127713,34775,861049,869280,205533,246288,500940,41469,579270,506125,779514,374910
8,97499,13600,407494,1400,34845,125363,205062,17744,426726,45000,632962,132663
9,227092,0,24000,430735,113880,7100,6125,250920,587337,353900,284575,20805
10,222105,0,99000,140670,29110,160380,120800,87030,41185,404570,173300,32014
11,102855,116866,54299,430342,6792,1680,136018,34792,61268,66000,678760,82540
12,266036,0,144189,123640,122280,142423,80504,67461,82127,0,73989,236638
13,83760,35383,11933,89430,34112,336227,141658,93490,224998,410000,467867,83742
14,46470,8617,58113,569988,23473,35683,83173,2833,102667,186667,759645,56002
15,36852,63300,73230,81106,400,36740,135998,55810,60866,0,646576,43294
16,24620,31420,11800,74892,600,74764,171292,0,365840,0,319156,15800
17,140560,2200,51500,522380,13700,25469,71772,100,376933,0,123318,63576
18,164039,48075,332575,511155,16750,245558,158378,32969,127260,53750,864124,138468
19,143750,19117,54300,91377,55333,20667,84820,5820,80370,0,408317,63513
20,34590,0,58000,43495,1750,47350,159550,52931,47150,0,411850,5650
21,104038,8833,3917,126268,43925,55030,82758,38400,54640,20000,291525,31035
22,101050,12750,79950,735265,3605,0,143050,69870,63140,0,86800,56452
23,145750,0,411310,740690,22260,38790,80140,51731,45160,0,140800,188072
24,72710,20000,64600,854630,20700,43590,63000,25000,28250,0,181400,81700
25,102160,62167,182500,102169,35333,5167,74000,51731,160000,0,379037,122025
26,50407,1700,121300,100121,0,48433,89317,134123,44797,0,303200,45047
27,36250,0,0,0,50,51350,53275,57780,150500,0,498900,7500
28,76340,51952,136050,338586,21600,11067,404233,21827,131967,205000,538435,33782
29,11842,76500,235065,644293,6875,0,206198,33074,77813,0,558958,37465
30,160200,65800,20168,649717,17705,33467,115612,58200,78817,445000,379700,132133
31,169955,0,13467,388177,28198,32267,35171,39017,166426,0,299172,30312
32,111985,0,329128,592613,14508,87217,172353,750,65963,5000,132838,61063
33,257335,76423,97160,702608,62873,228863,234035,88573,136715,0,813814,124514
34,80560,7200,223270,88500,18825,47150,61275,17715,92000,0,194600,176100
35,125075,5000,143939,97500,51065,58950,39700,19900,187300,0,286718,39631
36,173663,7658,145858,99203,47597,16000,294656,160778,68400,1074833,143397,74522
37,151817,1667,10205,97500,15500,41683,12258,95500,143850,0,262390,121573
38,204912,12083,685833,31262,8823,39493,87533,37512,45858,0,382770,34238
39,70205,145750,30925,437176,1500,2500,153225,84455,192330,0,183750,22250
40,71670,16000,35571,496870,24875,6333,72063,41132,31485,0,81533,47695
41,145865,3333,4833,123218,11867,84592,121887,73819,170077,0,405108,98083
42,86909,5625,142820,156301,22060,93650,53328,57587,123289,232833,572050,68056
43,122875,0,0,756129,26000,29960,93150,11940,242045,0,355600,5726
44,139710,0,0,258600,2800,8000,3400,61790,64900,0,75700,83050
45,76000,0,0,395620,0,0,60200,81200,41500,0,316300,109827
46,125850,3990,0,82850,14140,0,33300,53250,27610,0,414600,0
47,63450,134740,38400,288440,114680,5500,87500,104394,141815,0,314670,114590
48,199565,0,78600,132593,12798,49353,103872,120100,5050,0,233742,115646
49,80756,19040,39392,540666,19272,9900,43658,347248,231440,0,376652,64353
50,135604,13480,42368,97080,38300,39418,61820,35530,217952,0,513728,25476
51,47130,85417,0,438825,1000,55050,33575,55615,34540,0,249775,46285
52,153023,0,131052,458035,11665,86350,120370,38878,258706,0,362202,204037
53,4000,0,6000,347500,10000,24500,35500,90748,46690,0,855580,82000
54,157975,10940,11600,190667,5950,13400,89425,76765,199497,5000,200855,35527
55,110618,0,46606,704116,65360,13377,50857,85650,393800,0,232273,26418
56,228171,5167,298795,133815,25741,55913,521492,83537,37030,40000,1157244,219044
57,30490,5250,15575,24170,30,24550,114950,7475,86500,150000,561495,71525
58,71573,16620,83698,470865,7335,14345,114703,144158,225925,0,372589,41216
59,173704,38367,207893,334605,0,42041,58835,35016,218083,1138500,407463,59318
60,9592,70000,57500,52247,0,44500,45967,60126,67074,1270000,561483,7878
61,131678,1358,39881,18108,9548,12283,4360,0,60846,62233,243144,66773
62,195380,51315,237613,59717,63363,80418,247407,89964,660828,6000,566679,171975
63,112617,5913,40000,492207,973,8000,118903,28300,61629,0,332823,27480
64,134093,102858,200792,90347,27158,68717,121742,53898,68160,0,767322,688034
65,43800,0,99500,422505,0,0,113125,471250,7780,0,434800,87585
66,142780,150550,61000,179590,23720,456400,130230,44469,2520610,0,614600,36678
67,74998,52000,144395,193235,12810,182130,122058,85512,197143,31250,480473,192545
68,49267,76733,835333,454397,65000,11000,108067,58760,188833,0,1083067,110232
69,49973,0,39318,67370,6767,12767,121367,59666,14667,0,301350,69861
70,27515,9817,216683,114888,6833,119050,110983,285649,103173,0,571850,60372
71,212368,45225,34090,106926,16330,18925,191925,58633,122889,0,523725,81640
72,61740,0,56000,80350,66000,34450,60675,30225,41618,0,181468,85638
73,114507,32000,0,547035,8350,329590,16700,49241,21600,0,156020,52843
74,48835,14300,180955,501567,26648,117825,165830,65260,17562,0,614612,113521
75,54447,119158,101917,548983,13250,4300,55233,71397,60400,0,289483,32460
76,50674,30760,12580,557710,10740,4180,92190,47970,53734,709000,412298,63466
77,251767,4267,114200,89030,75053,739090,144557,73652,143787,0,299723,66520
78,212273,467,74033,547623,90337,9233,77320,60800,71657,0,274993,107717
79,79673,51425,2750,667753,7663,13000,109150,40721,38225,0,223540,149183
80,112325,0,500,86550,0,79625,80125,0,114650,0,197650,0
81,51995,0,566234,488102,36242,25175,119449,71625,76798,0,542065,179671
82,47603,9133,55799,524510,8392,9350,87252,85297,25028,0,426084,62035
83,134140,5892,97008,166328,45052,61850,127912,67849,91983,0,735149,147649
84,128312,19817,32800,92292,17907,206865,64530,49500,107253,1274167,291583,48254
85,64300,0,10000,119000,7500,15000,87600,54000,36300,0,126900,13000
86,65703,35005,46717,99147,12733,62742,44767,0,53167,700000,372290,38650
87,25550,42750,61733,383178,31883,26708,73498,45952,243567,80000,679012,35028
88,104863,0,71203,99090,78133,8800,94333,27920,45833,0,267277,84263
89,114600,0,0,276680,0,0,67450,62321,58766,0,190300,13726
90,70903,25100,43000,625530,16248,58633,49217,96210,63293,0,406637,23450
91,45555,0,233360,240259,83850,3000,593950,43338,94813,0,172660,24900
92,61394,5832,46493,72531,52253,54364,84414,50518,67677,130000,274005,24230
93,59723,19920,95656,481120,38800,9720,95910,46249,260524,600000,295802,33050
94,185250,0,35200,613430,151810,35750,52190,5096,165489,0,615950,94810
95,59200,0,212486,55950,0,19300,97100,51731,105250,0,253000,101700
96,118393,3333,113590,171692,78138,127900,203195,68336,680027,0,796175,167277
97,32290,20632,82790,122013,1750,105788,199638,50337,27977,0,867380,3900
98,37517,44347,124863,97770,19488,47650,230315,17128,242055,0,508822,133155
99,53650,97900,157070,129238,19250,71283,175853,40423,213973,0,684592,58199
100,81965,0,369900,191390,143225,21575,179646,65227,18900,0,374410,2539373
101,132530,0,6000,177860,62900,103000,68900,75445,16775,0,396750,82623
102,125213,80117,257500,73565,23585,223855,101383,5293,165462,0,352151,104857
103,29904,0,101816,699020,159390,365600,442540,134292,720400,0,280520,116373
104,24650,0,8300,525135,16817,7075,51667,53900,322300,132833,373600,20817
105,47358,9583,84430,546643,3143,7483,159775,51000,398882,0,280933,142485
106,110748,76530,177970,620735,66600,26060,172307,61174,177052,0,402584,227814
107,61050,0,185233,528500,933,147533,82000,89667,18067,48600,320427,28757
108,144268,43525,66979,51932,39410,187440,75678,33070,230989,9550,710569,164258
109,85300,1283,104667,592683,75950,31107,76525,75168,28500,0,326367,97740
110,260727,700,147603,176570,135205,92865,57000,51615,36456,0,257000,307956
111,73813,21325,73190,340380,3300,86900,158806,52200,11945,30000,559736,27556
112,325907,0,91080,537112,180610,109957,40825,106400,126855,18028,236310,123618
113,135246,24582,233052,204728,35398,82011,43462,3990,146592,0,372647,182419
114,100998,64245,212603,50097,26023,197535,85964,76010,391648,704167,453816,133814
115,177663,178073,45018,551558,13918,77538,134788,66669,137613,100000,868198,137949
116,61075,90300,106112,111560,1500,14125,67250,529262,336775,0,515376,153780
117,76382,37617,169467,133267,29625,7650,315443,304615,1029334,0,616061,170245
118,60497,8997,25133,572704,18257,13350,80761,30079,52581,45000,248397,30242
119,135617,55450,634251,600993,9700,10185,69850,55386,157333,216667,323397,377059
120,113300,0,9900,220550,104010,0,53600,56699,175335,0,106100,115
121,174561,4638,194329,253725,88725,25825,111940,68181,353403,0,410943,77459
122,77985,27383,136987,567130,22013,130498,260893,31181,199198,0,349820,228217
123,214421,48023,318704,567980,43490,96292,69072,68999,287520,9167,615673,965103
124,104535,0,18135,34250,4305,45555,13525,62250,3500,225000,66784,65582
125,180290,6000,24450,81780,2250,0,54225,55950,33950,0,191045,50390
126,56670,31000,106480,507880,0,68490,31900,88671,576124,0,284990,41643
127,59189,16000,37540,63852,133450,71106,104790,61656,88642,0,173635,56650
128,171665,87813,61842,66762,56815,18083,103379,646844,168810,0,400393,98330
129,321517,82483,87467,694201,26583,11417,97733,48450,6774,0,484167,135429
130,127425,3650,58786,610167,9926,38650,102990,63700,46312,52120,244272,60586
131,221322,120383,103917,688398,1833,417,104000,69101,3500,0,158267,59650
132,204571,0,35067,108098,3182,45533,58825,47732,354860,0,130967,2661
133,70365,10450,932145,453798,21450,24685,156596,52948,78175,0,522200,149495
134,3500,0,225939,1714293,0,0,167110,0,11700,0,417400,37106
135,249196,5372,8729,230318,120613,9797,19787,44180,200705,0,42033,33125
136,97833,5000,207533,221387,13440,66567,99553,30307,99735,0,233046,238602
137,19575,3450,0,635745,0,62050,170205,68346,121146,250000,452200,131252
138,124430,10135,120484,507071,23998,29667,53895,62693,40956,0,127243,13858
139,91825,0,102533,256747,9082,9933,101466,0,290900,0,362098,59055
140,96227,18402,166887,487242,89440,92267,389513,11667,55567,233333,711849,181891
141,95794,4380,178820,421226,7960,18360,120014,66596,79108,0,653880,53830
142,63990,8256,29800,387709,33464,410160,726738,114010,213404,0,345178,61040
143,83173,41625,93550,488270,9153,40260,247350,98595,73498,0,445200,38175
144,106440,7413,8500,300670,4063,10575,50195,44653,58250,0,550198,119925
145,80235,220225,273259,442113,14032,32283,139213,85119,21115,0,516683,106202
146,121576,32594,456716,406198,27616,52538,207216,13200,42560,110000,693740,287212
147,88792,10467,40448,478422,13652,38083,115447,78200,289602,0,336534,31158
148,144182,1437,58051,452689,17348,49395,63850,13200,102333,15833,221238,121087
149,131812,0,126350,397528,5082,15383,38793,71483,17525,0,244395,57222
150,79620,0,332515,380635,11300,7950,95300,59450,126389,0,546172,113370
151,82666,1020,121670,440508,6896,31100,37190,92299,33011,0,583620,76470
152,32417,1200,69583,89762,2813,18750,230800,50771,53667,0,257117,14017
153,207560,30000,315480,35140,50500,10100,384900,103250,83690,0,657220,31860
154,115210,0,162049,542400,57190,0,75570,28490,113658,0,231880,241020
155,64000,35000,249300,472050,0,32000,34100,91680,105500,0,187700,889
156,224000,21000,82800,458440,59300,4500,150450,0,16025,1220000,268300,57300
157,77750,0,20000,340570,0,0,148200,81100,254010,0,344850,67000
158,147017,11318,14582,189435,11858,16067,59527,623,70602,0,101838,23130
159,114205,0,6417,176647,8072,1932,37217,46428,11825,0,160367,24080
160,109715,15125,231232,119320,74963,108828,519615,51538,79973,0,884191,99674
161,81613,0,127780,197020,65450,65278,157463,108788,38638,0,533125,170042
162,53955,11375,112870,26163,13363,19650,135288,47907,74897,0,335760,9900
163,53733,41167,19333,115800,150,0,66267,13750,57473,0,339000,167562
164,108670,1148,124483,37172,20393,16008,173500,54455,110586,70833,366795,252646
165,105850,45810,69025,171880,12160,181520,277490,84620,219870,0,538558,123813
166,84133,4650,179983,26568,16433,35522,153183,57660,203493,0,222883,99400
167,50791,600,77952,394726,57940,14474,210082,91519,75013,0,517816,131578
168,227760,0,0,186800,44900,37500,752000,11200,511300,0,301800,21800
169,189967,20383,173514,710850,1667,109140,115535,39732,106886,253417,369008,128786
170,147587,8533,90500,147108,80235,17850,115595,68623,88640,0,424203,50433
171,42465,16557,28342,342977,8175,41515,47542,24750,46805,21000,391538,54743
172,79212,81825,76500,356260,5373,48383,105867,55187,285383,0,811717,12147
173,23170,17250,14770,354412,3270,4233,69792,0,25800,6667,298467,12975
174,142526,18258,382435,352390,62802,23285,211110,0,29050,160000,572136,94967
175,10475,12625,76278,244525,0,33525,148540,81087,21450,0,170340,40438
176,220670,0,73403,326740,35570,129240,97650,46767,38092,671000,367857,104523
177,116655,58585,137050,222004,28580,82200,84900,80782,292371,0,204500,206761
178,78060,116800,500,192574,46200,53000,222415,165124,349508,0,663900,123916
179,86930,1667,18450,290277,17308,16600,88377,55500,24940,0,395280,55500
180,27400,0,0,443110,0,0,293900,0,34500,0,408600,60000
181,91723,7213,85987,348942,1743,7417,35567,32570,25197,14333,272900,182935
182,79248,1667,22867,367928,8167,32533,3089418,74073,47950,0,300433,85668
183,157100,11260,112242,107293,53771,55942,90825,62462,56110,257833,466398,180037
184,140660,144600,32000,225600,11250,91700,85100,69561,30140,0,902000,241600
185,20533,83717,4150,7810,13433,33950,110357,50861,147735,0,567129,54437
186,47307,51293,23667,386867,24208,32892,114027,329893,67250,0,466262,44511
187,199457,0,77305,389601,61735,27762,82113,104937,261368,0,257322,66435
188,94313,60550,230683,424138,35753,189148,336168,43251,290291,0,525758,187737
189,163710,3333,100312,308150,48600,119425,56782,81024,95966,0,472112,102433
190,38500,0,68500,18970,2000,11400,44600,58700,2500,0,139900,53800
191,79343,77475,79745,433240,89525,19850,115035,49522,72948,0,107950,48775
192,124297,140730,257998,568387,10212,105312,105913,52449,454752,88200,476348,92454
193,139310,1050,89880,1073565,10700,120565,169115,58950,138445,125000,426910,93483
194,40685,6800,40750,96618,1788,39488,318800,35750,139053,0,174825,44188
195,186520,81850,63764,362506,128428,43800,48217,78243,98099,0,189017,48213
196,148190,15460,307780,570140,35100,223400,50900,56222,202400,0,334000,128590
197,78940,5400,19600,417604,2280,11970,156040,332797,31200,0,750660,91783
198,153075,2500,38675,417728,21653,80050,91748,40478,70890,245250,157010,23311
199,290135,22875,278709,89805,131088,8100,381275,62724,70045,0,278585,354604
200,180156,51650,112964,114410,51416,198809,80197,84650,279550,90000,215906,220618
201,63103,29963,247441,91860,67430,135400,313613,298284,123106,0,708070,115781
202,144500,0,137500,97740,0,0,350500,50397,99100,0,406700,63358
203,143102,78633,63593,233107,313207,24773,504598,79627,317950,0,527231,92377
204,246888,4180,101652,98703,15442,49610,253520,318879,127255,0,135425,66533
205,287290,21925,194281,106878,107291,59388,160228,107372,267093,153000,205654,150703
206,54640,75440,13700,405796,460088,27400,136870,58688,17557,0,286609,62698
207,58550,8300,1010532,166080,42426,69050,137340,48450,86540,0,424160,461545
208,156869,32128,46073,185628,23102,16477,163070,93215,162625,0,590470,96838
209,33500,0,180100,170880,3980,19650,8830,50370,305700,0,374340,5302
210,68916,35133,161678,136300,27348,133817,168022,65353,101622,66667,623445,176495
211,95064,29267,94420,346390,3343,9233,27148,51885,222373,0,177500,153767
212,178100,149167,115813,337778,8767,3667,75563,132962,275397,0,846733,87174
213,59900,89700,8900,333790,3200,12000,52440,22000,96510,0,385000,22500
214,88120,30133,194000,88331,25083,101650,110375,25467,139480,0,256183,99441
215,43130,37083,87733,79225,8283,46947,112226,70069,29740,0,327550,148700
216,113090,0,0,124393,2983,58195,86200,71921,45667,0,238417,58172
217,97753,0,72787,0,9667,19692,226157,128627,63901,25000,373573,121614
218,125940,18188,13010,103080,18687,52308,73407,94983,94893,0,166090,58963
219,90200,32082,40232,181294,4450,38537,306472,62624,66326,0,394501,144381
220,177725,100250,42350,300380,100,2500,124080,79500,138550,0,354550,44930
221,164772,131360,20641,325110,11752,94600,316352,55362,40624,78000,404696,350731
222,78510,27490,0,314600,0,11500,106800,150980,27800,0,221000,22000
223,140700,517750,0,373400,0,13100,333250,33121,446750,0,783800,12000
224,58004,4480,44600,403482,3178,115512,84946,0,104980,0,529051,114077
225,131300,7960,52676,449347,28062,56700,37517,53821,58033,0,290575,90227
226,41007,21317,65815,437072,19170,25203,50968,44901,189028,0,309970,172142
227,103300,0,0,471540,92730,100684,176150,54054,71960,0,642870,107617
228,77460,22500,16460,467670,0,0,84309,0,62500,0,74800,11612
229,92342,0,278080,430860,6602,58006,184589,0,105140,44000,582524,38262
230,153600,3667,78047,84567,10440,42056,192830,62096,135623,106667,544939,223683
231,54150,0,90600,384767,22107,58217,104653,0,56600,0,262857,68175
232,168070,52703,152168,84107,151690,4100,159675,103109,77040,24750,342280,107283
233,77940,20997,110300,247088,42783,197705,276443,47073,108533,91500,370717,171742
234,93475,62225,171750,106058,80380,9950,193175,34687,147105,0,316725,80075
235,22047,1933,273433,467863,1317,0,163067,39547,86170,0,177667,273875
236,88427,27000,0,519120,4300,21940,172733,107348,38000,0,212133,45511
237,143438,19695,147441,337107,57468,202185,569768,64537,169063,0,861551,147056
238,33185,0,8713,366543,35267,29648,5107,0,207733,0,358583,96085
239,167316,23860,68900,120742,16930,57900,65304,35820,136940,0,475200,59884
240,83330,0,16250,256693,107790,3667,319900,70888,54392,0,347455,72251
241,21298,0,238450,106630,11688,187890,190400,34231,68463,0,496683,243188
242,134714,8280,343249,118518,63984,172866,133935,59764,323232,67800,511166,567997
243,8000,67500,45000,503310,20810,21100,115520,25850,62900,0,278700,4434
244,170870,14980,10000,357840,3100,7800,97735,66548,17100,0,121400,94681
245,62290,0,0,390055,0,0,90079,913642,11800,0,456400,57926
246,111485,11067,67723,72855,1703,32183,149570,18000,149392,0,448400,73405
247,42717,7500,14000,321533,5167,9500,172100,68000,43833,0,481267,48617
248,125330,32067,34990,357660,45057,4100,79600,2927,29570,0,168293,59923
249,91200,0,60000,132790,0,0,367800,73900,2500,0,316600,45105
250,73800,78100,27284,87910,72400,0,96100,70730,86750,0,206950,74386
251,163320,18060,192500,87000,15370,8700,261950,16435,47000,0,569900,86390
252,142380,46820,83560,125430,87800,21700,266900,70160,132113,0,329500,35785
253,72800,55900,159830,110950,33200,171200,36200,38990,135400,0,135700,202105
254,82390,0,76658,55380,10000,4000,138050,55794,65660,0,295100,19368
255,163892,39720,6196,450264,3732,40400,39304,16770,166250,0,161042,65620
256,94375,1600,70000,270000,0,0,125000,0,25400,0,405050,34500
257,29818,17388,148994,308583,12085,8600,109363,40920,24443,0,628678,151169
258,87825,17500,34597,362368,12750,9775,102848,47913,18353,0,644575,42825
259,48400,71625,39468,327740,2825,8975,43640,0,281625,0,197400,86343
260,49053,0,19300,324090,4167,134367,19950,19900,8383,0,112600,30917
261,92013,64667,251081,350917,3167,7700,537000,46667,428970,0,178267,130616
262,60140,3700,23387,351573,9923,16583,74897,30135,99093,4000,264083,65320
263,146433,81000,0,528457,0,0,693100,77833,452313,0,305467,12391
264,160975,25500,8000,528593,249800,6400,34515,38750,55000,25000,395450,33350
265,23350,0,0,43100,0,0,69500,56169,3521,0,309000,52900
266,123952,2490,109262,62610,142688,281515,85310,109739,90706,0,216102,111461
267,144730,0,141980,94652,46000,11200,43570,14850,11500,0,259825,49885
268,155564,21548,67025,132365,22098,116803,88943,187649,160957,25000,339762,271726
269,74713,5072,90728,390162,47944,118890,36173,68908,155604,0,291894,182889
270,70558,12660,287736,472010,15460,37640,171624,44248,194578,0,568164,107955
271,128620,6520,0,35320,157900,48100,4990,0,14000,0,113000,0
272,60180,21000,135900,369780,0,638010,58600,0,67500,0,184560,38499
273,160383,22733,3250,519600,9333,447600,47600,78240,248667,0,158933,135963
274,81127,29333,193640,524650,18230,3000,150103,59084,174000,0,280400,221849
275,151965,1667,20900,249002,10885,14517,69335,68312,52767,0,520614,44998
276,193960,63330,0,436380,229620,44100,271280,54028,19296,0,264800,10000
277,79580,33333,34000,188137,69028,14467,218333,86213,132242,126667,383337,296575
278,171170,0,755604,372060,4400,768040,145000,64110,100727,0,766100,132545
279,99055,0,281762,80565,44225,100600,158220,49990,45415,167000,470908,110188
280,70150,25000,211495,92247,9700,4500,69625,16000,393482,270000,327733,108845
281,125053,0,14752,110172,4665,25478,66422,25050,162652,33167,181168,78812
282,201042,11917,119083,237817,0,50145,55644,43913,25782,35000,306817,102191
283,34095,87200,750,447600,2925,0,119576,35625,57651,0,331675,61861
284,403098,2900,383969,352675,76918,154803,136715,18975,108965,159000,407363,175670
285,234817,7755,160398,479587,26605,98848,97475,101329,73659,0,779783,172919
286,110250,116893,176127,392457,33008,23953,41055,56500,20548,0,374983,89809
287,51012,33550,43738,19802,7063,0,90259,583,63725,0,326293,9317
288,62878,0,194764,19993,5425,11593,149718,1000,76125,58900,257468,41840
289,38550,21300,54000,389920,5000,38000,75250,4000,18700,0,128650,38400
290,150328,31025,262583,30073,18150,29025,70955,0,64825,0,446275,246040
291,166135,7700,183806,25490,25012,103060,121768,0,75440,52000,578212,137066
292,56450,0,0,213860,0,7400,59400,31750,273590,0,486300,2006
293,115113,3000,289164,213420,32008,122862,180950,39800,174230,84167,295408,143027
294,74707,6717,107142,62005,3928,44158,172543,33933,63090,125000,487402,87391
295,184826,22607,208420,441866,55993,92669,41182,33520,54524,500483,339049,111229
296,88955,0,75322,73827,10843,63731,36447,39320,227969,6000,463769,99850
297,58758,135617,17267,263913,4083,73200,167322,100063,512177,731333,398617,64006
298,36470,10000,130884,430872,4200,3380,121102,39900,59996,164000,705906,32400
299,100106,0,183074,420430,0,51928,44738,30250,181670,0,697813,78954
300,135153,0,30965,296895,4578,91597,135606,6000,211192,186767,160837,53288
301,22175,10550,137000,58320,25150,7600,86825,12000,57850,0,180150,72700
302,103265,16775,4975,43293,10660,2850,25990,14500,113220,0,243303,40628
303,82356,0,6167,344687,1750,2717,60625,61693,22358,0,229393,42422
304,238471,0,59603,359967,54058,27550,85243,30163,561937,0,248012,52860
305,116725,3875,168277,45185,22300,25535,141525,0,129950,0,169925,99240
306,168379,57142,332309,139253,26492,54943,322127,27435,96832,61667,660520,157021
307,171975,1617,45317,518358,55083,68717,478027,46990,31157,509667,421729,59577
308,64528,0,81762,387915,17197,82217,195700,34933,25950,462833,376765,134227
309,91430,3977,86303,532455,23537,0,130840,4773,90750,0,408823,94714
310,21950,715000,31960,420789,28480,2000,248850,73050,67297,0,311300,100224
311,92578,2560,122551,369352,6601,34181,140583,34534,36030,0,308755,36556
312,66507,2012,19913,391171,9008,60678,37808,31698,52797,0,273736,57019
313,73408,0,6250,366633,53473,78925,64000,310583,61887,0,345780,45444
314,119466,10280,45780,360578,6116,69088,336224,27012,117958,8800,379540,167737
315,52250,29250,68320,259809,9950,90051,79050,58254,35549,0,277822,142724
316,46260,50000,167560,272555,37550,24900,33000,57463,23818,0,145800,65933
317,101806,11242,73172,28165,20216,21642,32238,0,130146,0,311654,78838
318,169127,71592,32993,49973,4070,41183,125146,1667,63477,0,351467,28463
319,209933,0,0,14420,17500,217770,21600,11890,9500,0,186400,69200
320,45633,0,28833,0,167,1000,40092,0,14400,536217,237728,35275
321,12098,97967,8500,0,3788,3550,44123,0,83900,0,180400,18567
322,50200,0,0,3300,11760,19400,54650,0,150000,0,182200,4700
323,190500,22500,0,350000,50,0,103000,10000,3000,0,340000,12000
324,186120,0,3333,513317,42627,291957,34750,75533,63417,0,124953,146647
325,106970,9000,0,168090,0,0,52475,61690,82850,0,120300,18400
326,18150,0,58300,209450,0,40200,135290,70680,38300,0,128300,132520
327,41800,0,0,836230,0,25100,59550,75184,56810,0,413790,172
328,35962,105170,18626,303542,0,159954,242620,68762,34066,0,396290,14051
329,121033,2978,285849,473160,14618,84920,177620,60077,199594,0,544638,227905
330,26330,50860,0,25810,224,2200,93571,706,114784,0,357383,16080
331,175732,0,505704,476866,34926,719790,176214,408903,397847,0,437356,262332
332,73218,0,66200,74954,6230,13600,120080,47139,157010,4000,424620,99232
333,99332,22417,108500,444605,28283,36558,63917,88961,88163,0,453110,65260
334,72340,2500,60970,419625,30000,48450,100700,80330,175977,0,317550,52900
335,10850,0,110000,362300,1000,0,73000,100800,97250,0,184000,20700
336,19260,0,6000,361090,20,228920,396700,58416,115606,0,638045,4986
337,95255,45100,168300,421318,5083,15750,164450,5460,219781,0,315375,81835
338,103585,17275,13950,481395,6200,2000,96050,36460,66500,0,355800,30495
339,82693,2700,353113,387373,33187,184393,51667,48999,33904,0,200000,370900
340,49500,85500,5650,463215,6400,103050,312795,0,166000,0,434350,27150
341,183667,166333,0,390393,8333,0,81667,0,116667,0,58833,2833
342,69720,533,72367,315090,333,0,157367,117360,636217,0,318300,29333
343,113747,156043,147498,250522,8092,15545,273862,55363,57383,0,306167,37917
344,90650,27550,14850,679260,50700,240200,306185,82705,79768,0,1101025,104887
345,68045,119750,57663,338770,32290,135000,294000,57585,173467,0,666540,58055
346,51610,8900,422800,450620,12400,109000,125150,72834,15050,0,384400,100580
347,73205,2867,136327,180377,12333,9283,140080,48452,75773,0,701923,254661
348,83775,3625,103328,547264,33155,322332,68020,66761,67462,0,261590,165809
349,129760,163060,276000,345040,59500,0,50500,40505,2485655,0,730870,37000
350,174132,27580,98888,122664,271080,98937,236060,55000,146576,56000,587880,122225
351,120058,17315,294967,379305,14590,20050,99375,53142,314630,58000,360582,18635
352,83460,6458,74074,121192,12692,13500,3253180,170830,72380,0,462896,339476
353,122134,0,71060,107024,1396,26234,181152,88387,183652,0,443564,127104
354,101140,0,329998,158195,10990,110065,1054915,72000,253026,0,636825,124675
355,26100,0,89900,113310,1200,50800,79200,80400,45750,139000,209840,25337
356,88240,54000,0,230230,168490,57500,100700,85150,539475,0,621990,499992
357,129060,30900,1406800,164070,232650,287715,1131593,63349,1934562,400000,996250,307324
358,141958,675,77265,479653,27013,8950,31220,85288,115688,0,344698,56045
359,199330,190167,51023,352620,65793,5300,38766,0,123837,0,389680,33946
360,87700,109150,365355,365575,0,6950,195000,60915,217550,0,447795,63823
361,260491,17388,11788,93495,21930,8423,173720,347140,87215,22500,631828,71731
362,88374,0,63513,329530,54813,196333,77263,50000,16877,0,168983,69797
363,162460,144583,0,355563,618,1633,56208,68190,6133,0,168433,12667
364,111910,0,111800,178470,12650,34260,28900,68995,107120,0,188110,140470
365,166283,84922,16500,136585,1083,6000,25725,106973,125400,78167,167577,11317
366,203061,9263,339892,85225,23329,66066,170708,90640,176304,0,691748,145846
367,107275,51325,30125,21510,500,550,37125,40341,25433,0,85250,24725
368,109195,0,10000,602944,1675,403015,176240,16500,40870,0,306333,51100
369,104052,15000,75750,616264,21300,46050,197600,32901,126095,0,340850,101950
370,78408,3667,37100,605177,20095,43067,61683,22000,85967,616667,244067,39747
371,100193,49733,114570,184946,279947,119250,229517,22767,399538,0,378231,88752
372,280111,0,219309,586573,36333,86362,155431,0,339974,0,874237,128845
373,134494,30366,82550,288913,211010,41164,211293,71048,488344,108000,709921,46965
374,143788,102200,166921,692990,84800,20558,105542,51749,686016,0,470347,154116
375,78980,6353,55150,187268,134960,1188443,10126,20733,68040,0,286745,183092
376,115090,0,92443,392048,7595,98172,38468,37455,14475,0,456410,78883
377,58710,12100,12000,131300,2000,28000,51600,17000,58600,0,90200,75100
378,219616,7467,26383,458935,39240,60918,138033,30555,107320,0,487130,65002
379,70470,0,15000,102490,0,0,153350,62299,195642,0,248100,154200
380,128823,1450,72483,214907,25143,70950,440037,67725,219767,0,457400,255877
381,36420,0,0,643593,5827,42127,66380,30065,50500,0,126683,112027
382,71873,4817,42439,84478,24837,34242,89183,19000,229927,118750,408360,75497
383,49515,73830,151700,81488,2975,1500,164353,128243,97770,0,576655,59591
384,55450,0,0,117960,0,40400,210340,87035,41390,0,216600,74003
385,63000,0,50000,66000,0,70000,110900,82463,2500,0,425000,102000
386,248620,30813,52931,10800,27030,340650,116553,94210,146827,0,378517,81527
387,106906,35100,26840,78138,71770,53800,80110,89311,26996,0,379040,100596
388,83350,0,10780,98702,20540,28970,103102,56796,40940,0,254780,20600
389,59841,0,165298,91576,71664,27088,86420,157076,166387,640000,462160,180759
390,153815,0,29908,503901,17427,0,35567,57154,67515,0,196333,17708
391,115697,13500,18650,138318,20383,1066715,14933,92082,95842,0,47250,22558
392,31163,0,22580,509108,50,18740,54242,40000,48250,0,536628,15164
393,134960,86188,31100,568775,31112,12167,26833,0,177192,0,254767,94716
394,37392,8750,144017,569577,2025,35667,108445,43568,153598,63333,266052,107251
395,89166,115908,50600,115452,4150,1400,157964,99302,323764,0,843098,218078
396,57740,6000,53611,590730,39360,46430,44263,80236,40017,0,445833,114930
397,35217,0,37733,496280,8467,11883,62350,157912,100683,20000,241385,52753
398,138215,37750,5548,507518,0,19100,24727,0,143700,58333,567283,9167
399,142985,43875,49000,32140,4145,9625,40343,58358,5875,0,257363,101930
400,243465,13250,69150,150953,2425,62165,135893,73803,91663,95000,286885,106468
401,112674,14522,48490,533016,13814,0,124572,89998,193440,0,602816,3090
402,136939,79752,67855,48462,60880,171913,255884,72064,456717,0,533608,273814
403,76420,0,396843,641390,30210,22000,181700,91120,159450,0,429130,96790
404,84212,45115,49013,495893,2000,750,79163,0,32975,0,376850,70515
405,58913,20725,73875,634045,12250,79305,390529,73233,79793,74750,409985,73571
406,114885,525,36450,625526,34200,83925,39200,0,28713,300000,299063,435511
407,50473,5238,67038,155120,48673,4875,92800,78093,177225,0,303638,106612
408,104269,20333,103208,256560,21024,33322,126042,105240,210446,24000,348317,73355
409,51138,0,117633,397272,22567,101450,21092,326403,12922,0,247703,108672
410,117498,6500,90578,143805,10650,125567,233434,76662,92192,0,264480,124541
411,87760,7775,2500,366188,5980,11175,275820,593184,16500,0,329400,44720
412,74488,13738,3150,337467,58,0,132850,98746,27167,0,361817,41547
413,109045,4850,27217,342490,14675,11700,55667,58846,15383,0,196367,27875
414,126415,8450,38725,333258,1425,54750,70700,73381,14250,0,374525,70955
415,128493,103150,44000,0,3167,21667,94350,458807,88230,0,123950,152606
416,60175,6750,2450,49490,29500,630800,92715,15813,45548,765000,467264,28142
417,54200,4740,0,411810,0,29700,162150,51731,63300,0,436500,46261
418,102875,5083,246865,263337,184564,82400,43508,52030,226172,70000,195300,149880
419,202814,19547,76147,37896,4432,119393,348738,55088,177293,0,494507,85217
420,103488,32633,43690,410422,22703,5833,218533,42217,494660,0,704117,30930
421,72100,99000,42900,487700,12400,0,11000,28780,444600,0,60500,3600
422,74300,208500,20000,441410,0,254910,42500,68450,89817,0,486500,2600
423,65436,0,7980,450060,3530,7960,36580,77800,50900,0,165100,31336
424,123671,3067,162477,184627,20407,386772,114733,56420,241500,0,321760,169631
425,132630,48000,3000,439610,3000,0,47700,41250,44737,0,188500,90621
426,145992,1667,130787,105285,216293,26400,127860,8747,34804,0,406625,63708
427,38607,0,75222,367695,14983,43580,44253,42761,62740,0,318883,94853
428,114142,44010,234033,75278,16680,69598,48273,102379,163229,82500,382913,182206
429,192530,8320,102668,77268,7443,45345,235796,72728,120493,125000,639517,66038
430,81097,160900,59050,87817,35967,22783,530833,176997,189807,4333,715978,184075
431,106009,2145,37900,247500,29565,22508,117620,83601,58008,0,361163,131850
432,149542,96450,203540,392690,49057,41633,181111,65157,186842,0,358263,178162
433,135019,2913,5633,484141,33810,217107,72373,45452,393396,0,305231,175666
434,64230,2600,209733,145455,469667,31000,131284,71758,168188,0,486033,112714
435,43570,78583,103945,517085,11220,34250,250470,81808,34855,0,338200,90170
436,64887,11700,32513,375607,95057,48930,92870,53650,91387,0,450800,146161
437,73018,50000,47620,358548,37390,819280,626900,62900,500078,10000,475926,115115
438,146108,77178,64855,430687,13155,29107,85563,53958,286140,0,516987,105897
439,256546,2733,96150,422040,11017,23233,47110,51317,235050,41667,231817,140766
440,70662,1200,78891,31115,500,22150,99350,1483,31583,0,274333,5000
441,155464,9970,69463,62157,35627,64695,190484,82361,446263,30000,363803,121397
442,107233,2500,406450,453234,45515,16400,113645,103545,497421,0,326813,26951
443,45053,0,250115,108392,19825,46373,119530,5000,19500,0,460850,148813
444,119378,17400,21500,119360,13685,81000,330845,127005,304135,0,705855,52981
445,33965,0,27900,350585,60520,218205,6550,54120,271935,0,342725,170304
446,6920,13500,15000,487045,42755,83550,473500,0,21000,0,107500,11500
447,3400,0,0,358670,17600,19800,111900,79100,7500,0,357400,16580
448,129820,2900,10000,328405,13388,11137,71033,14150,88058,0,160325,45390
449,88510,2517,174292,325250,1342,8800,154767,663,9517,0,479413,24328
450,94702,134953,96600,375855,16350,67202,202627,11121,276065,0,698700,272022
451,123019,30272,138300,18780,12967,37632,235238,63422,169220,146667,744720,118955
452,70243,17580,122050,329402,7183,7402,119522,66128,102700,25437,530120,14434
453,73418,0,35812,385256,4560,142000,271478,0,1041120,95000,420160,154248
454,84455,5000,124000,344670,2900,12000,114469,72750,14500,0,386500,32000
455,207410,0,14875,255020,51740,32150,160250,55365,19882,0,230045,33364
456,146570,20667,49833,298823,12717,30267,143620,73241,56085,0,292163,83393
457,53382,0,26558,418342,55562,18767,179783,92828,308809,0,293633,122866
458,165042,50793,132840,89137,6488,190028,335830,70256,22505,158333,382335,113418
459,175520,154400,18000,374280,5700,0,21700,96793,136246,0,308436,15110
460,179185,0,214198,448003,23425,100150,186013,33865,41850,0,390725,73575
461,98245,120270,105433,509670,12250,11250,142397,69100,167928,0,434625,63246
462,258110,0,71855,158450,3000,346960,97900,52448,47082,0,430741,90913
463,134608,136417,0,346505,4450,81000,120433,98455,141708,0,695700,46765
464,51787,128817,32600,357460,12350,16017,107267,55973,109432,0,410733,33434
465,46208,2000,177494,103154,17890,82388,187322,26530,54010,32000,325210,86725
466,39266,0,66411,216264,246012,188800,104399,38900,100497,0,328920,219127
467,120736,66939,120745,26438,31407,77298,47042,129695,116307,9600,362576,101845
468,63775,71038,350523,379148,26348,38135,117700,173096,129803,0,270475,43820
469,132727,12600,139058,405977,75017,70170,66327,47013,106930,200000,248320,153447
470,39217,5320,163400,467800,6140,26793,67933,82710,32663,0,296167,19245
471,113538,1233,130013,494090,57517,80800,86900,57577,235123,0,368467,272124
472,77840,16500,98253,56550,2800,1500,215113,42358,657932,0,526400,66098
473,102385,80100,14075,419260,5313,3025,82365,379660,47975,0,339250,52895
474,85185,200,67648,94462,69782,38950,48781,40350,413336,0,219667,66034
475,40150,7220,130508,99530,6180,30680,12620,33000,118590,90000,288700,89245
476,84710,0,44650,70250,0,55000,101000,42102,39010,0,159230,6900
477,71000,0,114000,90980,2500,17200,248100,51731,15950,0,176400,21497
478,126063,208500,25367,377370,59381,12243,152873,99159,26665,0,951798,78813
479,18300,18000,75300,526750,130000,0,80390,80000,852750,0,493000,0
480,64050,52250,109000,692795,75700,500000,19345000,54406,226000,0,516750,239513
481,250830,0,95200,150740,203580,183400,241100,119110,567890,0,917800,365510
482,106993,26813,66931,490673,73053,330500,173120,68870,128808,0,327637,176604
483,270170,4050,153727,510123,46072,928503,86081,43756,112699,0,393414,228190
484,93177,12783,76125,438750,26373,12067,28110,68813,44081,0,300817,44111
485,228740,9610,68338,89888,41734,88948,68096,45364,189248,910600,129834,154324
486,106382,129640,124068,363518,7618,1740,979218,53690,31368,0,394262,56158
487,135560,90120,152888,646142,51012,32456,68630,0,85746,96000,440190,41042
488,30275,145160,0,477390,2500,97285,32650,53182,427318,0,676450,302814
489,143478,7433,170911,586858,105109,431630,114083,93503,447998,220000,441391,249196
490,41443,0,11917,320587,1758,5853,22217,35698,75050,16500,369765,31015
491,22000,21050,0,364875,0,0,10000,73396,98110,0,4800,500
492,58942,61260,1720,347222,1000,37520,357300,58490,238540,0,679220,48678
493,21676,53760,50517,389764,2620,1640,152544,446534,99406,230000,452024,156163
494,106983,0,85801,54818,15198,26021,67067,23457,150138,0,317815,79142
495,158618,0,92082,40122,2375,31933,35133,0,2500,0,176200,69293
496,95335,0,136987,119270,61832,40183,35132,229176,182383,0,382620,161959
497,101312,0,238633,91206,28160,71118,233090,56283,99311,20000,271060,110033
498,243020,165700,1216420,213073,222743,16800,387775,211413,958708,0,413238,208907
499,130863,3667,85176,61733,3833,76878,58157,34732,100193,0,202973,75886
500,172280,0,23900,0,21520,8690,24800,0,38000,0,105743,47620
501,204875,0,439175,371090,68650,100802,31095,59673,104367,0,360450,244315
502,39120,41775,114123,17735,9075,0,16050,53995,10461,0,103850,17563
503,211340,153815,12000,517610,8010,0,748561,92079,15000,0,391800,19003
504,133640,122350,60741,73770,10840,205400,212380,52000,59145,135000,623325,135483
505,108850,10238,51323,189963,2125,17355,77400,935,60375,0,264960,17128
506,42248,2175,29708,80975,28242,42919,55191,0,133531,58333,257543,118696
507,45867,117000,6000,174883,667,0,180800,92405,82120,0,440467,87516
508,50687,0,67153,179763,59537,21333,46900,71667,39845,0,215683,118440
509,73533,152433,8333,281533,667,0,79733,56250,31667,0,254500,16833
510,159550,5500,42685,320265,15750,26245,94660,18950,47285,0,952200,66327
511,167940,76500,11900,330110,2300,20400,90240,39595,78400,0,365480,25571
512,164205,17060,253760,416210,1615,4450,52450,74613,90250,180000,216550,18800
513,62783,0,35333,109007,500,3333,74780,75875,157307,0,386100,13130
514,111909,16300,134242,211038,16475,25034,117355,71677,49758,0,142992,124681
515,109014,0,47880,35424,40980,21690,22020,104199,67160,0,196780,58788
516,67115,1283,109915,193375,46317,130110,206144,34923,137692,0,470963,380141
517,49290,0,72777,426267,2333,30233,45733,82313,162142,0,264778,41833
518,105660,112700,35000,81800,41300,0,101518,82870,14624,0,513500,104747
519,29626,4380,25976,467378,30358,11000,64940,44100,343900,0,196920,35919
520,231685,3900,0,78940,85,47450,660620,27500,97000,0,540400,33690
521,24750,83250,160000,38365,2275,5075,50800,56258,60865,650000,219550,33100
522,73505,23090,132517,99332,31552,88110,290882,126821,99497,0,518897,40244
523,105878,7792,62817,152690,30155,51267,212500,88837,53713,307833,174017,95537
524,77170,8455,199727,128580,33700,40780,266940,88710,49813,0,257750,78927
525,153850,7283,239254,388507,58608,27560,310393,750,113237,149167,484877,250295
526,82142,9000,353322,424516,14658,10940,187268,124333,119794,0,473040,228433
527,83964,6240,162652,69238,20740,20726,102710,3980,26400,0,194546,40794
528,102816,0,23280,289388,8730,14916,135262,52290,382600,0,216162,17940
529,60872,1920,55940,313022,81000,16272,91032,20878,53496,598000,282008,27064
530,317025,0,17403,343540,121237,41767,195156,56499,410569,0,430268,156516
531,141182,13220,100100,290108,10640,47400,195660,71835,18259,0,476120,57484
532,56123,10433,0,230567,1800,10500,149587,14850,11190,0,267533,33000
533,60442,55500,56992,441562,12737,10077,314440,57561,89637,0,244883,60144
534,220870,0,429000,553080,6000,154800,111850,44680,33500,158400,711950,260792
535,77750,6500,0,552295,0,21750,54950,71385,27500,0,616915,36521
536,106470,35400,104664,308270,8990,77800,317790,0,76000,0,765600,41376
537,124550,9990,0,352110,27760,143050,4000,21450,49300,0,167300,1500
538,165950,11400,0,327400,36050,10100,36000,41629,12500,0,130600,0
539,43008,0,77756,352386,18776,16720,268570,39323,105180,0,227556,14599
540,31417,64100,31527,491255,3263,1767,300983,105650,333012,0,438400,64598
541,55613,5000,140030,108120,124475,35650,23075,24750,44088,0,321400,44327
542,59900,0,36000,146855,750,104750,52050,25870,180500,0,264850,72665
543,121783,575,243060,109348,92013,272325,96100,298234,251327,0,247575,124921
544,123363,28093,12000,198330,7057,2333,112500,54867,94733,0,171400,76338
545,159812,15905,99053,319830,29150,1500,142800,51731,118667,0,590217,3483
546,164690,75200,45270,376720,57840,25000,169600,521499,72391,0,376800,12000
547,84340,40000,0,311210,0,0,83200,80522,32598,0,385300,0
548,170950,22775,66119,310345,17560,85680,179731,71390,102690,0,401740,166583
549,35380,0,82580,336790,5000,92000,113390,29690,31095,0,373520,114380
550,58780,0,130238,42800,4000,0,114982,37560,150200,0,577650,12600
551,168620,27000,47000,52740,0,25500,45830,0,62450,0,404200,151550
552,50595,21313,10250,480704,1273,3350,126863,101727,83190,0,1130675,43364
553,62280,22500,301000,556220,0,5700,330000,0,13000,0,363800,30419
554,120430,10000,0,164330,42300,213200,297200,62995,42426,1100000,385400,374949
555,51118,0,58183,426615,7542,20700,211767,67081,75425,0,322650,108750
556,186295,3483,29609,391327,55849,49738,67443,38984,30383,0,73992,73832
557,221990,13793,171428,65548,92935,148429,64717,54648,241097,73833,621742,200107
558,121765,105133,315293,143490,13315,411412,5740807,49466,345429,0,363253,156003
559,154213,52617,17333,421147,108770,21893,121033,70491,153183,0,636310,113161
560,96603,0,6625,106181,2950,226500,96063,32909,44359,0,197750,16148
561,43500,34167,55159,147610,38667,2493,58467,60467,117741,200000,318710,246183
562,120092,96920,59352,380040,42956,55258,132245,58618,88622,0,185556,170202
563,152910,67867,24250,335060,4033,11050,219183,152784,388589,58333,564542,40373
564,111518,1250,19621,465719,27515,7000,35337,49746,16177,2905,269677,96528
565,151100,0,559246,363900,65330,5000,12750,50101,330350,0,287900,49400
566,105290,0,2000,59217,483,4400,10667,19800,51830,0,248267,36967
567,95486,376,131554,48354,1000,56880,103480,269071,51732,148200,198000,165670
568,118820,0,3317,217255,19222,49217,99572,57251,219348,11925,285500,58763
569,84330,1160,30020,321739,3350,400,88660,48520,59480,0,216760,28290
570,52218,0,0,244741,4500,0,62025,83223,42300,0,723175,40379
571,213383,38480,18267,306043,224730,14667,99010,41649,112387,0,605358,199502
572,133572,0,39050,330738,1088,290725,72188,32998,92853,0,168821,40628
573,109207,21850,290577,123562,22107,30993,12852647,81774,63473,0,511667,207635
574,145830,52560,0,52450,0,0,32900,25000,602500,0,78000,74400
575,113830,5290,53147,168713,13100,62143,189767,85590,48937,0,635270,391207
576,464955,248750,56135,268778,28876,15833,785728,66847,82284,0,609600,253748
577,370310,0,78000,359110,21750,1750,29660,41250,300500,0,84000,42960
578,337840,0,92800,603290,20100,45200,70400,0,15210,0,228580,30923
579,316828,16033,133867,443957,5263,161737,132113,4000,279677,0,554519,136810
580,198976,663,48938,110973,113827,58625,73372,42292,76441,243333,171392,81514
581,214396,47675,96201,436642,41394,64845,284627,47071,119384,0,518131,402089
582,82097,50117,18167,450000,7617,14983,135225,35741,46748,0,238083,150142
583,76307,13933,59833,756243,2597,27140,109850,467700,136920,0,440293,313671
584,327665,8103,11600,708317,27520,51183,100900,87840,65093,0,387433,43700
585,83012,0,92650,740868,5388,64117,22847,79158,190410,0,448208,85893
586,32945,6750,13500,47640,56980,4250,145750,40308,60944,0,500900,33900
587,191744,8972,46182,563410,7473,105105,25883,58276,172402,58333,412825,63719
